"м","4717"
"км","2903"
"с","975"
"°","261"
"г","258"
"л","250"
"кг","225"
"Б","215"
"Н","171"
"см","148"
"Па","119"
"мм","117"
"В","102"
"Вб","57"
"Гц","48"
"К","48"
"Вт","32"
"Кл","25"
"мкс","21"
"кВт","19"
"МБ","18"
"ГБ","17"
"А","15"
"мс","14"
"кБ","14"
"МВт","8"
"рад","8"
"Зв","8"
"мЗв","8"
"ПБ","7"
"мкм","7"
"лм","7"
"нм","6"
"Ф","6"
"дал","5"
"гл","5"
"МГц","5"
"Дж","4"
"мг","4"
"мл","4"
"пФ","4"
"Бк","3"
"ТБ","3"
"кВ","3"
"Мм","2"
"кПа","2"
"кс","2"
"дм","2"
"нс","2"
"мВ","2"
"мкл","2"
"мкФ","2"
"Гм","1"
"сЗв","1"
"гПа","1"
"сл","1"
"гг","1"
"ГВт","1"
"мкЗв","1"
"кд","1"
"мкг","1"
"кГц","1"
"мВт","1"
"мкВт","1"
"пс","1"
"нДж","1"
"кА","1"
"мкКл","1"
"нФ","1"
