г,38236
к-рый,14059
гг,6341
м,4136
кол-во,2588
р-н,2544
ин-т,1581
гос-ва,1483
млн,1408
ун-т,1316
пр-во,1106
стр-во,1082
произ-во,1036
о-в,884
орг-ция,801
об-во,795
изд-во,699
уч-ще,658
б-ка,633
мат-лы,631
англ,630
гос-во,609
рук-во,597
иск-во,568
ф-т,528
мин-во,436
лит-ра,281
б-ца,190
млрд,184
клб,174
арх-ра,166
док-т,155
п-ов,129
км,115
сотр-во,102
т-во,45
см,39
трлн,12
яз-знание,10
лит-ведение,8
кн-во,2
яз-ведение,1
итал.,0
архит.,0
наруж.,0
конф.,0
р.,0
нац.,0
петерб.,0
вост.,0
христ.,0
биогр.,0
сост.,0
соч.,0
гр.,0
индивид.,0
мл.,0
след.,0
чугун.,0
рус.,0
фактич.,0
белорус.,0
метал.,0
ежекварт.,0
революц.,0
нумизматич.,0
кавказ.,0
наиб.,0
урал.,0
совр.,0
словесн.,0
органич.,0
ок.,0
вел.,0
акад.,0
вв.,0
экспедиц.,0
археогр.,0
керамич.,0
просп.,0
иссл.,0
социалистич.,0
болг.,0
одноим.,0
докл.,0
с.,0
библ.,0
фундамент.,0
долл.,0
крест.,0
сев.,0
бюлл.,0
декорац.,0
гуманистич.,0
преп.,0
неск.,0
лит.,0
стихотв.,0
зол.,0
пл.,0
предисл.,0
терминологич.,0
ведомств.,0
национализ.,0
централиз.,0
княж.,0
засл.,0
нем.-фаш.,0
верх.,0
кирп.,0
стан.,0
декор.,0
пер.,0
дл.,0
отт.,0
монг.,0
эволюц.,0
количеств.,0
европ.,0
дополнит.,0
стилистич.,0
бронз.,0
художеств.,0
справоч.,0
послесл.,0
внеш.,0
купеч.,0
тип.,0
пост.,0
анс.,0
правительств.,0
публ.,0
пос.,0
звук.,0
сиб.,0
многочисл.,0
академич.,0
уч.,0
род.,0
дис.,0
вест.,0
коммерч.,0
чел.,0
дет.,0
старопеч.,0
позд.,0
функц.,0
стекл.,0
польск.,0
документ.,0
жел.,0
центр.,0
специфич.,0
религ.,0
гор.,0
размещ.,0
дол.,0
мон.,0
газ.,0
прилож.,0
чечен.,0
республ.,0
прикл.,0
башк.,0
апр.,0
реставр.,0
сов.,0
первонач.,0
сообщ.,0
высококачеств.,0
чуваш.,0
догматич.,0
дипломатич.,0
амер.,0
систематизир.,0
опред.,0
секр.,0
классификац.,0
опубл.,0
дерев.,0
созд.,0
бельг.,0
редакц.,0
черкес.,0
греч.,0
сценич.,0
мрам.,0
назв.,0
янв.,0
драг.,0
тыс.,0
комм.,0
будд.,0
декор.-прикл.,0
наб.,0
юж.,0
имп.,0
нидерл.,0
рец.,0
през.,0
изв.,0
кит.,0
швед.,0
подмоск.,0
историч.,0
изд.,0
эмоц.,0
фотогр.,0
конфиск.,0
норв.,0
исслед.,0
др.-рус.,0
загран.,0
зап.-сиб.,0
коллекц.,0
потомств.,0
муницип.,0
чл.,0
экологич.,0
якут.,0
ленингр.,0
ср.-век.,0
визант.,0
тов.,0
руб.,0
аристократич.,0
м.,0
вопр.,0
общ.,0
нояб.,0
в.,0
терр.,0
мир.,0
междунар.,0
публич.,0
муж.,0
голл.,0
пожизн.,0
бар.,0
доп.,0
губ.,0
офиц.,0
всерос.,0
колл.,0
сб.,0
австрал.,0
ж.,0
укр.,0
брит.,0
реорганизац.,0
разл.,0
обр.,0
переим.,0
с.-петерб.,0
ж.-д.,0
организац.,0
зал.,0
мордов.,0
гос.,0
дек.,0
связ.,0
сент.,0
невостреб.,0
идеологич.,0
классицистич.,0
наст.,0
заруб.,0
типологич.,0
наим.,0
методич.,0
бульв.,0
адм.-терр.,0
серебр.,0
всесоюз.,0
вып.,0
методологич.,0
изобразит.,0
регион.,0
отд.,0
учрежд.,0
хоз.,0
строит.,0
исп.,0
яросл.,0
пед.,0
эксперимент.,0
д.,0
собств.,0
этнографич.,0
образоват.,0
илл.,0
собр.,0
единств.,0
преим.,0
выс.,0
просв.,0
консервац.,0
синтетич.,0
впосл.,0
адм.,0
л.,0
архитект.,0
кириллич.,0
благотворит.,0
пластич.,0
издат.,0
рис.,0
корр.,0
посл.,0
ред.,0
высш.,0
реорганиз.,0
св.,0
эстетич.,0
у.,0
мифол.,0
уник.,0
зап.-европ.,0
февр.,0
периодич.,0
предс.,0
заключ.,0
реставрац.,0
теоретич.,0
яз.,0
уезд.,0
технич.,0
графич.,0
кам.,0
з.,0
тематич.,0
см.,0
этнич.,0
иностр.,0
перераб.,0
нач.,0
пом.,0
кон.,0
напр.,0
прижизн.,0
творч.,0
псевд.,0
географич.,0
мемор.,0
чл.-корр.,0
систематич.,0
действит.,0
флам.,0
мн.,0
располож.,0
языч.,0
произв.,0
классич.,0
рев.,0
рос.,0
зав.,0
табл.,0
быв.,0
сканд.,0
аналитич.,0
груз.,0
демокр.,0
сохр.,0
внутр.,0
культ.-просвет.,0
ч.,0
веществ.,0
слав.,0
оз.,0
социологич.,0
письм.,0
дир.,0
нас.,0
печ.,0
лекц.,0
бум.,0
окт.,0
филологич.,0
соц.,0
епарх.,0
ум.,0
зап.,0
персон.,0
б/у,0
драм.,0
бр.,0
археологич.,0
хут.,0
комис.,0
гг.,0
т.,0
перc.,0
жен.,0
террит.,0
нар.,0
гражд.,0
театр.,0
им.,0
врем.,0
провинц.,0
араб.,0
церк.,0
иллюстрир.,0
прим.,0
квалифицир.,0
четв.,0
самостоят.,0
пр.,0
моск.,0
артистич.,0
полиграф.,0
реконстр.,0
муз.,0
ингуш.,0
синод.,0
нем.,0
торжеств.,0
рим.,0
постр.,0
универс.,0
осет.,0
альм.,0
гл.,0
объед.,0
театрализ.,0
венгер.,0
посв.,0
старослав.,0
ан,0
древн.,0
краеведч.,0
философ.,0
ср.,0
цв.,0
откр.,0
экспозиц.,0
обществ.,0
ю.,0
др.-христ.,0
информ.,0
летоп.,0
татар.,0
реж.,0
гал.,0
фин.,0
сузд.,0
полит.,0
пгр.,0
сокр.,0
вкл.,0
унив.,0
худ.,0
район.,0
вспомогат.,0
пам.,0
искусств.,0
качеств.,0
шир.,0
евр.,0
старообрядч.,0
букв.,0
б.,0
фольк.,0
науч.,0
послед.,0
орнамент.,0
ш.,0
авт.,0
эксп.,0
австр.,0
традиц.,0
производств.,0
эт.,0
др.,0
франц.,0
скульпт.,0
кап.,0
япон.,0
азиат.,0
монумент.,0
экз.,0
ниж.,0
авг.,0
рук.,0
хронолоrич.,0
специализир.,0
азерб.,0
зам.,0
кн.,0
респ.,0
сотр.,0
испр.,0
