КвБк,0
Икд,0
Град,0
ИКл,0
МЗв,0
Пкд,0
МН,0
далм,0
ТГц,0
кК,0
ПБк,0
Тлм,0
Рнм,0
ПБ,5
кВб,0
МПа,0
ЭК,0
М,0
ГК,0
ПВт,0
глм,0
ИДж,0
гВб,0
РнДж,0
даФ,0
РнА,0
ЗФ,0
МГц,4
МВт,5
МА,0
Рнс,0
ТК,0
кН,0
Б,159
дас,0
г,428
гс,0
Зг,0
ИВт,0
И,0
дал,2
ЭДж,0
даВб,0
Глм,0
КвА,0
Пг,0
гГц,0
ПФ,0
Тс,0
Экд,0
Кв,0
ГФ,0
КвКл,0
Гкд,0
Эс,0
кДж,0
Квкд,0
Квм,0
гВ,0
кБк,0
Гг,0
кс,0
ГГц,0
Рнкд,0
гФ,0
град,0
даК,0
КвБ,0
кг,149
ИН,0
ИА,0
ПН,0
Гм,0
Па,99
л,129
кКл,0
лм,5
даВт,0
Мг,0
Квл,0
ПДж,0
Н,366
МКл,0
РнБк,0
З,0
ИВ,0
РнФ,0
Трад,0
кА,0
Иг,0
ЗЗв,0
гБ,0
ТВ,0
кПа,0
кд,0
Эл,0
с,861
дакд,0
ГДж,0
ЗВ,0
МВб,0
Рнл,0
РнК,0
ТКл,0
МБк,0
ТФ,0
РнН,0
Пм,0
Плм,0
ППа,0
ЗВб,0
ТВт,0
Зс,0
ЗПа,0
даВ,0
Зрад,0
Илм,0
даЗв,0
ЭГц,0
кФ,0
Кл,16
ккд,0
РнБ,0
гН,0
ЗН,0
гКл,0
ТВб,0
Гц,30
КвВб,0
РнПа,0
гДж,0
Им,0
ТБк,0
ЭВт,0
РнВ,0
ЗВт,0
Гл,0
ЗБк,0
А,15
РнКл,0
РнЗв,0
Ирад,0
Гс,0
В,83
Рн,0
к,1
Эм,0
МДж,0
Мм,0
ИЗв,0
кЗв,0
ЗБ,0
даА,0
ТН,0
Э,0
даг,0
РнГц,0
гК,0
Квлм,0
кГц,0
ЭФ,0
ЗГц,0
ЭПа,0
гЗв,0
Зл,0
Дж,6
ПА,0
МВ,0
ИВб,0
ЭБ,0
даБк,0
ГКл,0
гг,41
МФ,0
Пс,0
кВ,1
Зкд,0
Кврад,0
Ткд,0
кВт,3
ГБ,11
ГВб,0
гкд,0
ЭА,0
ЭКл,0
МК,0
КвФ,0
РнВт,0
гВт,0
КвЗв,0
П,0
даН,0
даГц,0
Мрад,0
Тл,0
ГБк,0
гм,0
ГВт,0
гБк,0
Квс,0
Тм,0
ПКл,0
Тг,0
ПВ,0
ТДж,0
даКл,0
Ф,5
Вб,44
Ис,0
КвВт,0
гПа,0
ПК,0
КвПа,0
Элм,0
Мс,0
ГН,0
Зв,4
Зм,0
даПа,0
ЭН,0
ТПа,0
ЗА,0
Рнлм,0
Бк,1
ЗКл,0
Мкд,0
ТБ,4
кл,0
ТА,0
МБ,11
ЭВб,0
ИК,0
дарад,0
ЭБк,0
ГЗв,0
даБ,0
кБ,11
Млм,0
КвК,0
К,38
ПГц,0
Ил,0
Эрад,0
ИБк,0
м,4108
Пл,0
клм,0
КвДж,0
ПЗв,0
ПВб,0
ИГц,0
дам,0
ЭВ,0
км,1435
да,0
Злм,0
ГВ,0
Прад,0
рад,4
ИБ,0
Т,0
ЭЗв,0
КвГц,0
крад,0
КвВ,0
ГПа,0
Вт,22
Рнрад,0
гА,0
ЗДж,0
Мл,0
ИПа,0
ИФ,0
Квг,0
Г,0
даДж,0
ГА,0
ЗК,0
КвН,0
Эг,0
гл,22
Рнг,0
ТЗв,0
РнВб,0
