"Николай Гаврилович Нечипоренко (6 декабря 1896 — 26 мая 1975) — орудийный № 260-го гвардейского пушечного артиллерийского полка 17-й гвардейской Ленинградской пушечной артиллерийской бригады, 2-й Украинский фронт, гвардии красноармеец.","Николай Гаврилович Нечипоренко (6 декабря 1896 — 26 мая 1975) — орудийный номер 260-го гвардейского пушечного артиллерийского полка 17-й гвардейской Ленинградской пушечной артиллерийской бригады, 2-й Украинский фронт, гвардии красноармеец."
"Флаг утверждён 27 мая 2011 года и внесён в Государственный геральдический регистр Российской Федерации с присвоением регистрационного № 6905.","Флаг утверждён 27 мая 2011 года и внесён в Государственный геральдический регистр Российской Федерации с присвоением регистрационного номера 6905."
"Флаг утверждён 19 февраля 2009 года и внесён в Государственный геральдический регистр Российской Федерации с присвоением регистрационного № 4766.","Флаг утверждён 19 февраля 2009 года и внесён в Государственный геральдический регистр Российской Федерации с присвоением регистрационного номера 4766."
"Обозначения Флемстида подобны обозначениям Байера, однако вместо греческих букв используются №.","Обозначения Флемстида подобны обозначениям Байера, однако вместо греческих букв используются номера."
"поддиапазонах «Б» и «В» – только на ФЧ, имеющих нечётные №.","поддиапазонах «Б» и «В» – только на ФЧ, имеющих нечётные номера."
"Флаг утверждён 14 ноября 2008 года и внесён в Государственный геральдический регистр Российской Федерации с присвоением регистрационного № 4513.","Флаг утверждён 14 ноября 2008 года и внесён в Государственный геральдический регистр Российской Федерации с присвоением регистрационного номера 4513."
"Состоялась публикация первой и второй части романа «Белая гвардия» — в двух № ежемесячного общественно-литературного журнала «Россия» за 1925 год, третья часть тогда так и не вышла по причине закрытия журнала.","Состоялась публикация первой и второй части романа «Белая гвардия» — в двух номерах ежемесячного общественно-литературного журнала «Россия» за 1925 год, третья часть тогда так и не вышла по причине закрытия журнала."
"Гостиница основана в 1890 году под названием «Столичные №».","Гостиница основана в 1890 году под названием «Столичные номера»."
"Первый № газеты вышел 15 марта 1864 года.","Первый номер газеты вышел 15 марта 1864 года."
"Флаг утверждён 18 декабря 2006 года и внесён в Государственный геральдический регистр Российской Федерации с присвоением регистрационного № 3390.","Флаг утверждён 18 декабря 2006 года и внесён в Государственный геральдический регистр Российской Федерации с присвоением регистрационного номера 3390."
"На круговом турнире в Портороже в 2001 году был посеян под 3-м №, но набрал пол-очка из 9 партий.","На круговом турнире в Портороже в 2001 году был посеян под 3-м номером, но набрал пол-очка из 9 партий."
"Флаг утверждён 13 октября 2006 года и внесён в Государственный геральдический регистр Российской Федерации с присвоением регистрационного № 2633, а также в Государственный геральдический реестр Республики Татарстан с присвоением регистрационного № 75.","Флаг утверждён 13 октября 2006 года и внесён в Государственный геральдический регистр Российской Федерации с присвоением регистрационного номера 2633, а также в Государственный геральдический реестр Республики Татарстан с присвоением регистрационного номера 75."
"На драфте НХЛ 2002 года был выбран в 3 раунде под общим 67 № командой «Флорида Пантерз».","На драфте НХЛ 2002 года был выбран в 3 раунде под общим 67 номером командой «Флорида Пантерз»."
"Флаг утверждён 26 июня 2008 года и внесён в Государственный геральдический регистр Российской Федерации с присвоением регистрационного № 4417.","Флаг утверждён 26 июня 2008 года и внесён в Государственный геральдический регистр Российской Федерации с присвоением регистрационного номера 4417."
"В 1941 году в начальный период Великой Отечественной войны была уничтожена под Могилёвом и Смоленском и переформирована заново с тем же № и с сохранением всех наград и почётных наименований.","В 1941 году в начальный период Великой Отечественной войны была уничтожена под Могилёвом и Смоленском и переформирована заново с тем же номером и с сохранением всех наград и почётных наименований."
"Hello, Dolly! (с англ. — «Привет, Долли!») — тридцать первый студийный альбом американской джазовой певицы Эллы Фицджеральд, выпущенный на лейбле Verve Records в 1964 году под студийным № Verve V6-4064.","Hello, Dolly! (с англ. — «Привет, Долли!») — тридцать первый студийный альбом американской джазовой певицы Эллы Фицджеральд, выпущенный на лейбле Verve Records в 1964 году под студийным номером Verve V6-4064."
"В 1990 году Verve перевыпустили запись в формате CD под студийным № Verve B0004675-02.","В 1990 году Verve перевыпустили запись в формате CD под студийным номером Verve B0004675-02."
"На драфте НХЛ 2005 года был выбран в третьем раунде под общим 62-м № командой «Питтсбург Пингвинз».","На драфте НХЛ 2005 года был выбран в третьем раунде под общим 62-м номером командой «Питтсбург Пингвинз»."
"Флаг утверждён 24 февраля 2005 года и внесён в Государственный геральдический регистр Российской Федерации с присвоением регистрационного № 1858.","Флаг утверждён 24 февраля 2005 года и внесён в Государственный геральдический регистр Российской Федерации с присвоением регистрационного номера 1858."
"В общей сложности было показано 65 серий, пять из которых представляют собой разделённый на несколько частей полнометражный мультфильм «Rescue Rangers: To the Rescue», которые выходили с порядковым № серий с 14 по 18 в США.","В общей сложности было показано 65 серий, пять из которых представляют собой разделённый на несколько частей полнометражный мультфильм «Rescue Rangers: To the Rescue», которые выходили с порядковым номером серий с 14 по 18 в США."
"Нумерация по чётной стороне улицы Ломоносова начинается с № 10, расположенного почти на углу с Кедринской улицей.","Нумерация по чётной стороне улицы Ломоносова начинается с номера 10, расположенного почти на углу с Кедринской улицей."
"В «Филадельфии», а после и в «Торонто» Ван Римсдайк выступал под № 21, который он выбрал в честь Петера Форсберга","В «Филадельфии», а после и в «Торонто» Ван Римсдайк выступал под номером 21, который он выбрал в честь Петера Форсберга"
"Действующий герб области утверждён Законом «О гербе Новосибирской области», принятом Новосибирским областным Советом депутатов 29 мая 2003 года, подписанном главой администрации области 5 июня 2003 года, и внесён в Государственный геральдический регистр Российской Федерации с присвоением регистрационного № 1214.","Действующий герб области утверждён Законом «О гербе Новосибирской области», принятом Новосибирским областным Советом депутатов 29 мая 2003 года, подписанном главой администрации области 5 июня 2003 года, и внесён в Государственный геральдический регистр Российской Федерации с присвоением регистрационного номера 1214."
"Имя (идентификатор, №) DOI может быть присвоено таким объектам, как публикация или её часть (книга, глава книги, статья) или элемент (рисунок, таблица, формула и т. п.), аудио- и видеоконтенту, наборам данных и базам данных, материальным объектам (DVD, бумажная книга), людям (авторы, композиторы, издатели), организациям и пр.","Имя (идентификатор, номер) DOI может быть присвоено таким объектам, как публикация или её часть (книга, глава книги, статья) или элемент (рисунок, таблица, формула и т. п.), аудио- и видеоконтенту, наборам данных и базам данных, материальным объектам (DVD, бумажная книга), людям (авторы, композиторы, издатели), организациям и пр."
"Албанию на конкурсе песни «Евровидение 2005» представила Ледина Село с песней «Neser shkoj» под 8 № и, набрав 53 балла, заняла 16 место в финале.","Албанию на конкурсе песни «Евровидение 2005» представила Ледина Село с песней «Neser shkoj» под 8 номером и, набрав 53 балла, заняла 16 место в финале."
"Мистификация была раскрыта самим Сокалом в статье в майском № другого научного журнала, Lingua Franca, в которой он объяснил, что его статья в «Social Text» была «обильно приправлена полной чепухой» и, по его мнению, была опубликована только потому, что хорошо выглядела и льстила «идеологическим предубеждениям» редакторов.","Мистификация была раскрыта самим Сокалом в статье в майском номере другого научного журнала, Lingua Franca, в которой он объяснил, что его статья в «Social Text» была «обильно приправлена полной чепухой» и, по его мнению, была опубликована только потому, что хорошо выглядела и льстила «идеологическим предубеждениям» редакторов."
"Флаг утверждён 30 июня 2008 года и внесён в Государственный геральдический регистр Российской Федерации с присвоением регистрационного № 4224.","Флаг утверждён 30 июня 2008 года и внесён в Государственный геральдический регистр Российской Федерации с присвоением регистрационного номера 4224."
"И́ндий (химический символ — In, от лат. Indium) — химический элемент 13-й группы (по устаревшей классификации — главной подгруппы третьей группы, IIIA), пятого периода периодической системы химических элементов Д. И. Менделеева с атомным № 49.","И́ндий (химический символ — In, от лат. Indium) — химический элемент 13-й группы (по устаревшей классификации — главной подгруппы третьей группы, IIIA), пятого периода периодической системы химических элементов Д. И. Менделеева с атомным номером 49."
"Первый № газеты вышел 25 августа 1924 года в Самарканде под названием «Ово́зи тоджики́ камбага́л» (тадж. Овози тоҷики камбағал — Голос таджика-бедняка).","Первый номер газеты вышел 25 августа 1924 года в Самарканде под названием «Ово́зи тоджики́ камбага́л» (тадж. Овози тоҷики камбағал — Голос таджика-бедняка)."
"Яшен (рус. Молния) — татарский сатирический иллюстрированный журнал, издавался в Казани с августа 1908 по 24 июня 1909 гг., интервал выхода №, 2 раза в месяц.","Яшен (рус. Молния) — татарский сатирический иллюстрированный журнал, издавался в Казани с августа 1908 по 24 июня 1909 гг., интервал выхода номеров, 2 раза в месяц."
"Альбом стал № 2 в хит-параде Великобритании, уступив первое место альбому The Beatles Sgt. Pepper's Lonely Hearts Club Band.","Альбом стал номером 2 в хит-параде Великобритании, уступив первое место альбому The Beatles Sgt. Pepper's Lonely Hearts Club Band."
"Памятник культуры Великопольского воеводства, регистрационный № 2115/A от 30 марта 1987 года.","Памятник культуры Великопольского воеводства, регистрационный номер 2115/A от 30 марта 1987 года."
"Аэродром Папа-Уэстрей имеет обычную лицензию (№ P542), которая разрешает пассажирские перевозки и обучение полётам по патенту Совета Оркнейских островов.","Аэродром Папа-Уэстрей имеет обычную лицензию (номер P542), которая разрешает пассажирские перевозки и обучение полётам по патенту Совета Оркнейских островов."
"На драфте НБА 1982 года под первым № клубом «Лос-Анджелес Лейкерс» был выбран лёгкий форвард Джеймс Уорти из университета Северной Каролины в Чапел-Хилл.","На драфте НБА 1982 года под первым номером клубом «Лос-Анджелес Лейкерс» был выбран лёгкий форвард Джеймс Уорти из университета Северной Каролины в Чапел-Хилл."
"«К Вера́нию, на прие́зд из Испа́нии» (лат. Ad Verannium) — условное название стихотворения римского поэта Гая Валерия Катулла, включённого в состав посмертного сборника («Книги Катулла Веронского») под № 9.","«К Вера́нию, на прие́зд из Испа́нии» (лат. Ad Verannium) — условное название стихотворения римского поэта Гая Валерия Катулла, включённого в состав посмертного сборника («Книги Катулла Веронского») под номером 9."
"Флаг утверждён 17 июня 2008 года и внесён в Государственный геральдический регистр Российской Федерации с присвоением регистрационного № 4128.","Флаг утверждён 17 июня 2008 года и внесён в Государственный геральдический регистр Российской Федерации с присвоением регистрационного номера 4128."
"«На цезарианцев и Цезаря» — условное название стихотворения римского поэта Гая Валерия Катулла, включённого в состав посмертного сборника («Книги Катулла Веронского») под № 54 и написанного предположительно в 55 или 54 году до н. э.","«На цезарианцев и Цезаря» — условное название стихотворения римского поэта Гая Валерия Катулла, включённого в состав посмертного сборника («Книги Катулла Веронского») под номером 54 и написанного предположительно в 55 или 54 году до н. э."
"На драфте БАА 1948 года под первым № клубом Провиденс Стимроллерс был выбран разыгрывающий защитник Энди Тонкович из университета Маршалла.","На драфте БАА 1948 года под первым номером клубом Провиденс Стимроллерс был выбран разыгрывающий защитник Энди Тонкович из университета Маршалла."
"Флаг утверждён 22 октября 2008 года и 30 октября 2008 года внесён в Государственный геральдический регистр Российской Федерации с присвоением регистрационного № 4353.","Флаг утверждён 22 октября 2008 года и 30 октября 2008 года внесён в Государственный геральдический регистр Российской Федерации с присвоением регистрационного номера 4353."
"Флаг утверждён 26 мая 1998 года, как флаг муниципального образования «Посёлок Котельники» (с ноября 2004 года — городской округ Котельники), и внесён в Государственный геральдический регистр Российской Федерации с присвоением регистрационного № 304.","Флаг утверждён 26 мая 1998 года, как флаг муниципального образования «Посёлок Котельники» (с ноября 2004 года — городской округ Котельники), и внесён в Государственный геральдический регистр Российской Федерации с присвоением регистрационного номера 304."
"Классификация кораблей по № вымпела — способ классификации по буквенно-цифровому обозначению, присваиваемому кораблю на все время службы.","Классификация кораблей по номеру вымпела — способ классификации по буквенно-цифровому обозначению, присваиваемому кораблю на все время службы."
"В современных ВМС Великобритании и других флотах Европы и Содружества наций корабли классифицируются по № вымпела.","В современных ВМС Великобритании и других флотах Европы и Содружества наций корабли классифицируются по номеру вымпела."
"На драфте НБА 1985 года под первым № клубом «Нью-Йорк Никс» был выбран центровой Патрик Юинг из Джорджтаунского университета.","На драфте НБА 1985 года под первым номером клубом «Нью-Йорк Никс» был выбран центровой Патрик Юинг из Джорджтаунского университета."
"Флаг утверждён 17 марта 1998 года и внесён в Государственный геральдический регистр Российской Федерации с присвоением регистрационного № 513.","Флаг утверждён 17 марта 1998 года и внесён в Государственный геральдический регистр Российской Федерации с присвоением регистрационного номера 513."
"Аэропорт имеет лицензию (№ P804), которая даёт право на пассажирские перевозки и на лётный инструктаж.","Аэропорт имеет лицензию (номер P804), которая даёт право на пассажирские перевозки и на лётный инструктаж."
"Hello, Love (с англ. — «Здравствуй, любовь») — двадцатый студийный альбом американской джазовой певицы Эллы Фицджеральд, выпущенный на лейбле Verve Records в 1960 году под студийным № Verve VS-4034.","Hello, Love (с англ. — «Здравствуй, любовь») — двадцатый студийный альбом американской джазовой певицы Эллы Фицджеральд, выпущенный на лейбле Verve Records в 1960 году под студийным номером Verve VS-4034."
"В 2004 году Verve перевыпустила запись в формате CD под студийным № Verve 0602498625811.","В 2004 году Verve перевыпустила запись в формате CD под студийным номером Verve 0602498625811."
"Памятник культуры Малопольского воеводства: регистрационный № А-659 от 2 марта 1993 года.","Памятник культуры Малопольского воеводства: регистрационный номер А-659 от 2 марта 1993 года."
"Флаг утверждён 30 мая 2001 года как флаг муниципального образования «Невьянский район» (после муниципальной реформы — Невьянский городской округ) и внесён в Государственный геральдический регистр Российской Федерации с присвоением регистрационного № 805.","Флаг утверждён 30 мая 2001 года как флаг муниципального образования «Невьянский район» (после муниципальной реформы — Невьянский городской округ) и внесён в Государственный геральдический регистр Российской Федерации с присвоением регистрационного номера 805."
"Ура́н (U, лат. Uranium; устар. название — ура́ний) — химический элемент 3-й группы (по устаревшей классификации — побочной подгруппы третьей группы, IIIB) седьмого периода периодической системы химических элементов Д. И. Менделеева, с атомным № 92.","Ура́н (U, лат. Uranium; устар. название — ура́ний) — химический элемент 3-й группы (по устаревшей классификации — побочной подгруппы третьей группы, IIIB) седьмого периода периодической системы химических элементов Д. И. Менделеева, с атомным номером 92."
"Утверждён 16 декабря 2009 года и внесён в Государственный геральдический регистр Российской Федерации с присвоением регистрационного № 6029.","Утверждён 16 декабря 2009 года и внесён в Государственный геральдический регистр Российской Федерации с присвоением регистрационного номера 6029."
"Программное обеспечение представляется в виде особых пакетов, содержащих, помимо дистрибутива программного обеспечения, набор определённых метаданных, которые могут включать в себя полное имя пакета, № версии, описание пакета, имя разработчика, контрольную сумму, отношения с другими пакетами.","Программное обеспечение представляется в виде особых пакетов, содержащих, помимо дистрибутива программного обеспечения, набор определённых метаданных, которые могут включать в себя полное имя пакета, номер версии, описание пакета, имя разработчика, контрольную сумму, отношения с другими пакетами."
"Ныне действующий флаг утверждён 7 сентября 2012 года и 16 октября 2012 года внесён в Государственный геральдический регистр Российской Федерации с присвоением регистрационного № 7981.","Ныне действующий флаг утверждён 7 сентября 2012 года и 16 октября 2012 года внесён в Государственный геральдический регистр Российской Федерации с присвоением регистрационного номера 7981."
"В отличие от других династий, которые были пронумерованы Манефоном, эта № не имеет.","В отличие от других династий, которые были пронумерованы Манефоном, эта номера не имеет."
"Мюзикл был задуман для мини-сериала «Соколиный глаз» (2021) главным сценаристом Джонатаном Игла, в котором был представлен музыкальный № «Save the City» (с англ. — «Спасение города»), написанный Марком Шейманом и Скоттом Виттманом.","Мюзикл был задуман для мини-сериала «Соколиный глаз» (2021) главным сценаристом Джонатаном Игла, в котором был представлен музыкальный номер «Save the City» (с англ. — «Спасение города»), написанный Марком Шейманом и Скоттом Виттманом."
"«Ворона и кувшин» — одна из басен Эзопа, занесённая в индекс Перри под № 390.","«Ворона и кувшин» — одна из басен Эзопа, занесённая в индекс Перри под номером 390."
"«Четвёртая речь против Филиппа» (др.-греч. κατὰ Φιλίππου D) — речь, приписываемая древнегреческому оратору Демосфену, сохранившаяся в составе «демосфеновского корпуса» под № X.","«Четвёртая речь против Филиппа» (др.-греч. κατὰ Φιλίππου D) — речь, приписываемая древнегреческому оратору Демосфену, сохранившаяся в составе «демосфеновского корпуса» под номером X."
"Сародж Хан (англ. Saroj Khan; 22 ноября 1948, Бомбей — 3 июля 2020, Мумбаи) — индийская хореограф, занимавшаяся постановкой танцевальных № в кино на хинди.","Сародж Хан (англ. Saroj Khan; 22 ноября 1948, Бомбей — 3 июля 2020, Мумбаи) — индийская хореограф, занимавшаяся постановкой танцевальных номеров в кино на хинди."
"Утверждён 23 ноября 2010 года и внесён в Государственный геральдический регистр Российской Федерации с присвоением регистрационного № 6545.","Утверждён 23 ноября 2010 года и внесён в Государственный геральдический регистр Российской Федерации с присвоением регистрационного номера 6545."
"На драфте НХЛ 2019 года был выбран «Лос-Анджелес Кингз» во втором раунде под общим 33-м №.","На драфте НХЛ 2019 года был выбран «Лос-Анджелес Кингз» во втором раунде под общим 33-м номером."
"Флаг утверждён 27 декабря 2007 года и внесён в Государственный геральдический регистр Российской Федерации с присвоением регистрационного № 3835.","Флаг утверждён 27 декабря 2007 года и внесён в Государственный геральдический регистр Российской Федерации с присвоением регистрационного номера 3835."
"Флаг утверждён 30 июня 2009 года и 10 декабря 2009 года внесён в Государственный геральдический регистр Российской Федерации с присвоением регистрационного № 5709.","Флаг утверждён 30 июня 2009 года и 10 декабря 2009 года внесён в Государственный геральдический регистр Российской Федерации с присвоением регистрационного номера 5709."
"Авиакатастрофа Boeing 737 в Эфиопии — катастрофа самолёта Boeing 737-200 авиакомпании «Ethiopian Airlines», бортовой № ET-AJA, выполнявшего рейс из Бахр-Дара в Асмэру в четверг, 15 сентября 1988 года.","Авиакатастрофа Boeing 737 в Эфиопии — катастрофа самолёта Boeing 737-200 авиакомпании «Ethiopian Airlines», бортовой номер ET-AJA, выполнявшего рейс из Бахр-Дара в Асмэру в четверг, 15 сентября 1988 года."
"Желе́зная Ма́ска (фр. Le Masque de Fer), он же Челове́к в желе́зной ма́ске (фр. L'Homme au Masque de Fer; 1640-е — 19 ноября 1703) — таинственный узник под № 64489001 эпохи короля Людовика XIV, арестованный в 1669 или 1670 году и содержавшийся в ряде французских тюрем, в том числе в Бастилии (с 1698 года) и Пиньероль (ныне Пинероло, Италия).","Желе́зная Ма́ска (фр. Le Masque de Fer), он же Челове́к в желе́зной ма́ске (фр. L'Homme au Masque de Fer; 1640-е — 19 ноября 1703) — таинственный узник под номером 64489001 эпохи короля Людовика XIV, арестованный в 1669 или 1670 году и содержавшийся в ряде французских тюрем, в том числе в Бастилии (с 1698 года) и Пиньероль (ныне Пинероло, Италия)."
"Ныне действующий флаг утверждён 8 февраля 2011 года и внесён в Государственный геральдический регистр Российской Федерации с присвоением регистрационного № 6588.","Ныне действующий флаг утверждён 8 февраля 2011 года и внесён в Государственный геральдический регистр Российской Федерации с присвоением регистрационного номера 6588."
"Выбран под общим 113-м № на драфте НХЛ 1989 года командой «Ванкувер Кэнакс».","Выбран под общим 113-м номером на драфте НХЛ 1989 года командой «Ванкувер Кэнакс»."
"Бери́ллий (химический символ — Be, от лат. Beryllium) — химический элемент 2-й группы (по устаревшей классификации — главной подгруппы второй группы, IIA) второго периода периодической системы химических элементов Д. И. Менделеева с атомным № 4.","Бери́ллий (химический символ — Be, от лат. Beryllium) — химический элемент 2-й группы (по устаревшей классификации — главной подгруппы второй группы, IIA) второго периода периодической системы химических элементов Д. И. Менделеева с атомным номером 4."
"Памятник культуры Малопольского воеводства: регистрационный № 446 от 5 марта 1991 года.","Памятник культуры Малопольского воеводства: регистрационный номер 446 от 5 марта 1991 года."
"№ в государственном реестре страховых компаний — 1, лицензии ЦБ РФ от 6 июня 2018 года ОС 0001-02,-03,-04 и -05 (обязательные виды страхования), ПС 0001 (перестрахование), СИ 0001 (имущественное страхование) и СЛ 0001 (личное страхование).","Номер в государственном реестре страховых компаний — 1, лицензии ЦБ РФ от 6 июня 2018 года ОС 0001-02,-03,-04 и -05 (обязательные виды страхования), ПС 0001 (перестрахование), СИ 0001 (имущественное страхование) и СЛ 0001 (личное страхование)."
"Флаг утверждён 13 июля 2006 года и внесён в Государственный геральдический регистр Российской Федерации под № 3236, а также в Государственный регистр символики Республики Башкортостан под № 027.","Флаг утверждён 13 июля 2006 года и внесён в Государственный геральдический регистр Российской Федерации под номером 3236, а также в Государственный регистр символики Республики Башкортостан под номером 027."
"Флаг утверждён 27 апреля 2007 года и внесён в Государственный геральдический регистр Российской Федерации с присвоением регистрационного № 3912.","Флаг утверждён 27 апреля 2007 года и внесён в Государственный геральдический регистр Российской Федерации с присвоением регистрационного номера 3912."
"Ныне действующий флаг утверждён 15 мая 2012 года и 2 июля 2012 года внесён в Государственный геральдический регистр Российской Федерации с присвоением регистрационного № 7755.","Ныне действующий флаг утверждён 15 мая 2012 года и 2 июля 2012 года внесён в Государственный геральдический регистр Российской Федерации с присвоением регистрационного номера 7755."
"В перечне песен на альбоме располагается под шестым №.","В перечне песен на альбоме располагается под шестым номером."
"«Идио́т» (рус. дореф. Идіотъ) — роман писателя Фёдора Михайловича Достоевского (1821—1881), впервые опубликованный в № журнала «Русский вестник» за 1868 год.","«Идио́т» (рус. дореф. Идіотъ) — роман писателя Фёдора Михайловича Достоевского (1821—1881), впервые опубликованный в номерах журнала «Русский вестник» за 1868 год."
"В 2002 году клубы чемпионата Аргентины начали выводить из обращения игровые № баскетболистов, отмечая таким образом их заслуги.","В 2002 году клубы чемпионата Аргентины начали выводить из обращения игровые номера баскетболистов, отмечая таким образом их заслуги."
"В марте 1996 года вышел первый № журнала в России, на обложке которого была Шэрон Стоун.","В марте 1996 года вышел первый номер журнала в России, на обложке которого была Шэрон Стоун."
"Для построения сигнала используется частотно-временная матрица, каждый столбец которой является временной позицией, а строчки соответствуют условному № частоты.","Для построения сигнала используется частотно-временная матрица, каждый столбец которой является временной позицией, а строчки соответствуют условному номеру частоты."
"Предполагалось, что журнал будет еженедельным, но на практике он никогда, кроме1889 года, не выходил полным числом №.","Предполагалось, что журнал будет еженедельным, но на практике он никогда, кроме1889 года, не выходил полным числом номеров."
"Флаг утверждён 9 ноября 1999 года как флаг муниципального образования «город Малоярославец» (после муниципальной реформы 2006 года — муниципальное образование городское поселение «Город Малоярославец») и внесён в Государственный геральдический регистр Российской Федерации с присвоением регистрационного № 005720.","Флаг утверждён 9 ноября 1999 года как флаг муниципального образования «город Малоярославец» (после муниципальной реформы 2006 года — муниципальное образование городское поселение «Город Малоярославец») и внесён в Государственный геральдический регистр Российской Федерации с присвоением регистрационного номера 005720."
"Заказана 31 января 1939 года и заложена 1 марта 1940 года на верфи Friedrich Krupp Germaniawerft в Килепод № 617.","Заказана 31 января 1939 года и заложена 1 марта 1940 года на верфи Friedrich Krupp Germaniawerft в Килепод номером 617."
"Также, в виде исключения, по традиции того времени, сюда занесены (без №) два суборбитальных космических полёта, выполненные американцами в 1961 году.","Также, в виде исключения, по традиции того времени, сюда занесены (без номеров) два суборбитальных космических полёта, выполненные американцами в 1961 году."
"Флаг утверждён 16 августа 2002 года и 1 ноября 2002 года внесён в Государственный геральдический регистр Российской Федерации с присвоением регистрационного № 1004.","Флаг утверждён 16 августа 2002 года и 1 ноября 2002 года внесён в Государственный геральдический регистр Российской Федерации с присвоением регистрационного номера 1004."
"Первый № газеты вышел в 2005 году.","Первый номер газеты вышел в 2005 году."
"Ныне действующий флаг утверждён 24 августа 2017 года и внесён в Государственный геральдический регистр Российской Федерации с присвоением регистрационного № 11606.","Ныне действующий флаг утверждён 24 августа 2017 года и внесён в Государственный геральдический регистр Российской Федерации с присвоением регистрационного номера 11606."
"Номинировался на премию Оскар (1948) в двух категориях: «Лучшая песня» («It’s Magic») и «Лучшая музыка и лучшая постановка музыкальных №» (Рэй Хендорф).","Номинировался на премию Оскар (1948) в двух категориях: «Лучшая песня» («It’s Magic») и «Лучшая музыка и лучшая постановка музыкальных номеров» (Рэй Хендорф)."
"«О делах в Херсонесе» (др.-греч. περὶ τῶν ἐν Χερρονήσῳ) — речь древнегреческого оратора Демосфена, сохранившаяся в составе «демосфеновского корпуса» под № VIII.","«О делах в Херсонесе» (др.-греч. περὶ τῶν ἐν Χερρονήσῳ) — речь древнегреческого оратора Демосфена, сохранившаяся в составе «демосфеновского корпуса» под номером VIII."
"Флаг утверждён 28 февраля 2002 года как флаг муниципального образования «Коломенский район» (после муниципальной реформы — Коломенский муниципальный район) и внесён в Государственный геральдический регистр Российской Федерации с присвоением регистрационного № 913.","Флаг утверждён 28 февраля 2002 года как флаг муниципального образования «Коломенский район» (после муниципальной реформы — Коломенский муниципальный район) и внесён в Государственный геральдический регистр Российской Федерации с присвоением регистрационного номера 913."
"Памятник был внесён в единую Книгу памяти под № 27008.","Памятник был внесён в единую Книгу памяти под номером 27008."
"Свине́ц (лат. Plumbum; обозначается символом Pb) — элемент 14-й группы (по устаревшей классификации — главной подгруппы IV группы), шестого периода периодической системы химических элементов Д. И. Менделеева, с атомным № 82 и, таким образом, ∋ магическое число протонов.","Свине́ц (лат. Plumbum; обозначается символом Pb) — элемент 14-й группы (по устаревшей классификации — главной подгруппы IV группы), шестого периода периодической системы химических элементов Д. И. Менделеева, с атомным номером 82 и, таким образом, содержит магическое число протонов."
"Памятник культуры Малопольского воеводства: регистрационный № А-659 от 2 марта 1993 года.","Памятник культуры Малопольского воеводства: регистрационный номер А-659 от 2 марта 1993 года."
"Флаг утверждён 27 декабря 1999 года и внесён в Государственный геральдический регистр Российской Федерации с присвоением регистрационного № 773.","Флаг утверждён 27 декабря 1999 года и внесён в Государственный геральдический регистр Российской Федерации с присвоением регистрационного номера 773."
"Флаг утверждён 7 марта 2008 года и внесён в Государственный геральдический регистр Российской Федерации с присвоением регистрационного № 4735.","Флаг утверждён 7 марта 2008 года и внесён в Государственный геральдический регистр Российской Федерации с присвоением регистрационного номера 4735."
"Флаг утверждён 6 июля 2006 года и внесён в Государственный геральдический регистр Российской Федерации с присвоением регистрационного № 3195.","Флаг утверждён 6 июля 2006 года и внесён в Государственный геральдический регистр Российской Федерации с присвоением регистрационного номера 3195."
"Первоначально данный флаг был утверждён 6 мая 1999 года флагом муниципального образования «Нелидовский район» и внесён в Государственный геральдический регистр Российской Федерации с присвоением регистрационного № 488.","Первоначально данный флаг был утверждён 6 мая 1999 года флагом муниципального образования «Нелидовский район» и внесён в Государственный геральдический регистр Российской Федерации с присвоением регистрационного номера 488."
"Его двадцатиэтажное здание располагает 243 № (на 9, 11, 12 и 14-м этажах гостиницы имеются одноместные и двухместные №, а также номера-люксы).","Его двадцатиэтажное здание располагает 243 номерами (на 9, 11, 12 и 14-м этажах гостиницы имеются одноместные и двухместные номера, а также номера-люксы)."
"Цирко́ний (химический символ — Zr, от лат. Zirconium) — химический элемент 4-й группы (по устаревшей классификации — побочной подгруппы четвёртой группы, IVB), пятого периода периодической системы химических элементов Д. И. Менделеева, с атомным № 40.","Цирко́ний (химический символ — Zr, от лат. Zirconium) — химический элемент 4-й группы (по устаревшей классификации — побочной подгруппы четвёртой группы, IVB), пятого периода периодической системы химических элементов Д. И. Менделеева, с атомным номером 40."
"Первоначально данный флаг был утверждён 6 мая 1999 года флагом муниципального образования «Нелидовский район» и внесён в Государственный геральдический регистр Российской Федерации с присвоением регистрационного № 488.","Первоначально данный флаг был утверждён 6 мая 1999 года флагом муниципального образования «Нелидовский район» и внесён в Государственный геральдический регистр Российской Федерации с присвоением регистрационного номера 488."
"Его первый студийный альбом 17 был выпущен в августе 2017 года и дебютировал под № два в Billboard 200.","Его первый студийный альбом 17 был выпущен в августе 2017 года и дебютировал под номером два в Billboard 200."
"Усадебный комплекс составляют главный особняк под № 3 по улице Воронцово Поле, а также флигели, ограда и парковая скульптура.","Усадебный комплекс составляют главный особняк под номером 3 по улице Воронцово Поле, а также флигели, ограда и парковая скульптура."
"Получил в 1892 г. патент № 68499 за процесс изготовления подставки.","Получил в 1892 г. патент номер 68499 за процесс изготовления подставки."
"Данная ракета-носитель является модификацией ракеты Long March 4B (увеличен объём головного обтекателя и добавлена возможность повторного запуска двигателя третьей ступени) и использовалась для запусков спутников серии Яогань(№ 3; 8; 9A, 9B и 9C; 10; 15; 16A, 16B и 16C; 17A, 17B и 17C; 19; 20A, 20B и 20C; 22; 25A, 25B и 25C; 27) а также метеоспутников серии Фэнъюнь (№ 3А и 3C) на полярную орбиту.","Данная ракета-носитель является модификацией ракеты Long March 4B (увеличен объём головного обтекателя и добавлена возможность повторного запуска двигателя третьей ступени) и использовалась для запусков спутников серии Яогань(номера 3; 8; 9A, 9B и 9C; 10; 15; 16A, 16B и 16C; 17A, 17B и 17C; 19; 20A, 20B и 20C; 22; 25A, 25B и 25C; 27) а также метеоспутников серии Фэнъюнь (номера 3А и 3C) на полярную орбиту."
"Вильям из хоккейной семьи: его отец, Микаэль (род. 1972), в прошлом известный хоккеист, двукратный чемпион мира в составе сборной Швеции; младший брат, Александр (род. 1998), как и Вильям, был выбран на драфте НХЛ под общим восьмым №, но на два года позже.","Вильям из хоккейной семьи: его отец, Микаэль (род. 1972), в прошлом известный хоккеист, двукратный чемпион мира в составе сборной Швеции; младший брат, Александр (род. 1998), как и Вильям, был выбран на драфте НХЛ под общим восьмым номером, но на два года позже."
"Первым № стал российский нападающий ХК «Спартак» Илья Ковальчук — он был выбран клубом «Атланта Трэшерз» и стал первым в истории российского хоккея игроком, выбранным под общим 1-м № на драфте НХЛ.","Первым номером стал российский нападающий ХК «Спартак» Илья Ковальчук — он был выбран клубом «Атланта Трэшерз» и стал первым в истории российского хоккея игроком, выбранным под общим 1-м номером на драфте НХЛ."
"По словам Юрия Шевчука, у группы было три глобальных программы: «Чёрный пёс Петербург» — человек и город, «Мир № ноль» — борьба местоимений и «Иначе» — о жизни и мире.","По словам Юрия Шевчука, у группы было три глобальных программы: «Чёрный пёс Петербург» — человек и город, «Мир номер ноль» — борьба местоимений и «Иначе» — о жизни и мире."
"Марк Джеймс (англ. Mark James; 29 ноября 1940, Хьюстон — 8 июня 2024, Нашвилл) ― американский автор песен, который написал хиты для певцов Би Джей Томаса, Бренды Ли и Элвиса Пресли, включая «Suspicious Minds», ставший хитом № один в США.","Марк Джеймс (англ. Mark James; 29 ноября 1940, Хьюстон — 8 июня 2024, Нашвилл) ― американский автор песен, который написал хиты для певцов Би Джей Томаса, Бренды Ли и Элвиса Пресли, включая «Suspicious Minds», ставший хитом номер один в США."
"Этот объект входит в число перечисленных в оригинальной редакции «Нового общего каталога», а также входит в каталог Колдуэлла под № 87.","Этот объект входит в число перечисленных в оригинальной редакции «Нового общего каталога», а также входит в каталог Колдуэлла под номером 87."
"Доктор Назаревич дважды был показан в Нью-Йорк таймс, впервые 1 февраля 2004 года в статье об открытии химических элементов 113 и 115, а второй раз 17 октября 2006 года в статье об открытии спорного элемента унуноктия, химического элемента с атомным № 118.","Доктор Назаревич дважды был показан в Нью-Йорк таймс, впервые 1 февраля 2004 года в статье об открытии химических элементов 113 и 115, а второй раз 17 октября 2006 года в статье об открытии спорного элемента унуноктия, химического элемента с атомным номером 118."
"Эдуард III был первым английским правителем, который включил порядковый № в официальный титул.","Эдуард III был первым английским правителем, который включил порядковый номер в официальный титул."
"Доходный дом Софьи Львовны Рудь — памятник архитектуры и культурного наследия в Одессе (охранный № дома 391-Од).","Доходный дом Софьи Львовны Рудь — памятник архитектуры и культурного наследия в Одессе (охранный номер дома 391-Од)."
"Герб Камчатской области утверждён решением Совета народных депутатов Камчатской области 15 апреля 2004 года и внесён в Государственный геральдический регистр Российской Федерации под регистрационным № 1760.","Герб Камчатской области утверждён решением Совета народных депутатов Камчатской области 15 апреля 2004 года и внесён в Государственный геральдический регистр Российской Федерации под регистрационным номером 1760."
"Флаг утверждён 31 января 2011 года и внесён в Государственный геральдический регистр Российской Федерации с присвоением регистрационного № 6669.","Флаг утверждён 31 января 2011 года и внесён в Государственный геральдический регистр Российской Федерации с присвоением регистрационного номера 6669."
"Фукурю-мару № 5 (яп. 第五福龍丸 [дай-го́ фукурю̄-мару], рус.","Фукурю-мару номер 5 (яп. 第五福龍丸 [дай-го́ фукурю̄-мару], рус."
"Флаг утверждён 28 декабря 2000 года и внесён в Государственный геральдический регистр Российской Федерации с присвоением регистрационного № 720.","Флаг утверждён 28 декабря 2000 года и внесён в Государственный геральдический регистр Российской Федерации с присвоением регистрационного номера 720."
"Ноулз заняла пятое место в Hot 100 синглов № один как сольная исполнительница и четвёртое место с Destiny’s Child, как сольная артистка она распродала более 35 миллионов альбомов и синглов в США.","Ноулз заняла пятое место в Hot 100 синглов номер один как сольная исполнительница и четвёртое место с Destiny’s Child, как сольная артистка она распродала более 35 миллионов альбомов и синглов в США."
"Ви́смут — химический элемент с атомным № 83.","Ви́смут — химический элемент с атомным номером 83."
"Утверждён 20 февраля 2008 года и внесён в Государственный геральдический регистр Российской Федерации с присвоением регистрационного № 3936.","Утверждён 20 февраля 2008 года и внесён в Государственный геральдический регистр Российской Федерации с присвоением регистрационного номера 3936."
"На драфте НХЛ 1990 года был выбран в 9 раунде под общим 177 № командой «Вашингтон Кэпиталз».","На драфте НХЛ 1990 года был выбран в 9 раунде под общим 177 номером командой «Вашингтон Кэпиталз»."
"Шестой № посева — Каролина Плишкова — чемпионка турнира.","Шестой номер посева — Каролина Плишкова — чемпионка турнира."
"На драфте НХЛ 1995 года был выбран в 1 раунде под общим 20 № командой «Калгари Флэймз».","На драфте НХЛ 1995 года был выбран в 1 раунде под общим 20 номером командой «Калгари Флэймз»."
"В 2012 году Колин Эдвардс защищал честь команды NGM Mobile Forward Racing (Швейцария) построенным на базе шасси Suter и двигателя BMW S1000RR в дебютном сезоне MotoGP/CRT под № 5.","В 2012 году Колин Эдвардс защищал честь команды NGM Mobile Forward Racing (Швейцария) построенным на базе шасси Suter и двигателя BMW S1000RR в дебютном сезоне MotoGP/CRT под номером 5."
"Национальный памятник культуры Чешской Республики (регистрационный № 253 NP от 2001 года)","Национальный памятник культуры Чешской Республики (регистрационный номер 253 NP от 2001 года)"
"№ в государственном реестре страховых компаний — 1, лицензии ЦБ РФ от 6 июня 2018 года ОС 0001-02,-03,-04 и -05 (обязательные виды страхования), ПС 0001 (перестрахование), СИ 0001 (имущественное страхование) и СЛ 0001 (личное страхование).","Номер в государственном реестре страховых компаний — 1, лицензии ЦБ РФ от 6 июня 2018 года ОС 0001-02,-03,-04 и -05 (обязательные виды страхования), ПС 0001 (перестрахование), СИ 0001 (имущественное страхование) и СЛ 0001 (личное страхование)."
"«Кошки Ултара» (англ. The Cats of Ulthar), в других переводах «Кошки Ультхара», «Ультарские кошки», «Кошки города Ультар» — короткий рассказ американского писателя ужасов Говарда Филлипса Лавкрафта, написанный 15 июня 1920 года и впервые опубликованный в том же году в ноябрьском № журнала «Tryout».","«Кошки Ултара» (англ. The Cats of Ulthar), в других переводах «Кошки Ультхара», «Ультарские кошки», «Кошки города Ультар» — короткий рассказ американского писателя ужасов Говарда Филлипса Лавкрафта, написанный 15 июня 1920 года и впервые опубликованный в том же году в ноябрьском номере журнала «Tryout»."
"Победителями текущего розыгрыша стала пара посеянная под первым № Рохан Бопанна и Мэттью Эбден.","Победителями текущего розыгрыша стала пара посеянная под первым номером Рохан Бопанна и Мэттью Эбден."
"Первый № был выпущен 4 апреля 1991 и включал:","Первый номер был выпущен 4 апреля 1991 и включал:"
"Ледокол «Москва» — дизель-электрический ледокол проекта 21900 заводской № 601, головное судно в серии.","Ледокол «Москва» — дизель-электрический ледокол проекта 21900 заводской номер 601, головное судно в серии."
"Флаг утверждён 21 октября 2008 года и внесён в Государственный геральдический регистр Российской Федерации с присвоением регистрационного № 4371.","Флаг утверждён 21 октября 2008 года и внесён в Государственный геральдический регистр Российской Федерации с присвоением регистрационного номера 4371."
"Михаил Иванович Клопов (1925 — 1980) — № расчёта зенитного крупнокалиберного пулемёта 18-го отдельного гвардейского дивизиона ПВО, гвардии ефрейтор — на момент представления к награждению орденом Славы 1-й степени.","Михаил Иванович Клопов (1925 — 1980) — номер расчёта зенитного крупнокалиберного пулемёта 18-го отдельного гвардейского дивизиона ПВО, гвардии ефрейтор — на момент представления к награждению орденом Славы 1-й степени."
"Её каталожный №:","Её каталожный номер:"
"Утверждён 20 октября 2004 года, как флаг муниципального образования «Город Щербинка» Московской области (после муниципальной реформы 2006 года — муниципальное образование «городской округ Щербинка Московской области»/«город Щербинка Московской области»; с 1 июля 2012 года — внутригородское муниципальное образование города Москвы городской округ Щербинка), и внесён в Государственный геральдический регистр Российской Федерации с присвоением регистрационного № 1749.","Утверждён 20 октября 2004 года, как флаг муниципального образования «Город Щербинка» Московской области (после муниципальной реформы 2006 года — муниципальное образование «городской округ Щербинка Московской области»/«город Щербинка Московской области»; с 1 июля 2012 года — внутригородское муниципальное образование города Москвы городской округ Щербинка), и внесён в Государственный геральдический регистр Российской Федерации с присвоением регистрационного номера 1749."
"Зарегистрированы в качестве пищевых добавок с № Е181.","Зарегистрированы в качестве пищевых добавок с номером Е181."
"На драфте НХЛ 2002 года был выбран в 3 раунде под общим 67 № командой «Флорида Пантерз».","На драфте НХЛ 2002 года был выбран в 3 раунде под общим 67 номером командой «Флорида Пантерз»."
"Памятник культуры Малопольского воеводства: регистрационный № А-651/90 от 16 января 1990 года.","Памятник культуры Малопольского воеводства: регистрационный номер А-651/90 от 16 января 1990 года."
"Первоначально данный флаг был утверждён 18 февраля 2010 года флагом муниципального образования «Городское поселение Зарайск» Зарайского района Московской области и внесён в Государственный геральдический регистр Российской Федерации с присвоением регистрационного № 6000.","Первоначально данный флаг был утверждён 18 февраля 2010 года флагом муниципального образования «Городское поселение Зарайск» Зарайского района Московской области и внесён в Государственный геральдический регистр Российской Федерации с присвоением регистрационного номера 6000."
"Утверждён 27 ноября 2007 года и внесён в Государственный геральдический регистр Российской Федерации с присвоением регистрационного № 3642.","Утверждён 27 ноября 2007 года и внесён в Государственный геральдический регистр Российской Федерации с присвоением регистрационного номера 3642."
"Телефонный план нумерации Греции — диапазоны телефонных №, выделяемых различным пользователям телефонной сети общего пользования в Греции, специальные № и другие особенности набора для совершения телефонных вызовов.","Телефонный план нумерации Греции — диапазоны телефонных номеров, выделяемых различным пользователям телефонной сети общего пользования в Греции, специальные номера и другие особенности набора для совершения телефонных вызовов."
"Флаг утверждён 8 августа 2008 года и внесён в Государственный геральдический регистр Российской Федерации с присвоением регистрационного № 4349.","Флаг утверждён 8 августа 2008 года и внесён в Государственный геральдический регистр Российской Федерации с присвоением регистрационного номера 4349."
"Список песен, которые достигли позиции № один в официальном недельном чарте музыкального портала Tophit.","Список песен, которые достигли позиции номер один в официальном недельном чарте музыкального портала Tophit."
"Первый № Ciao вышел в 1977 году.","Первый номер Ciao вышел в 1977 году."
"Например, в спецификации PC/SC метод используется для передачи сведений о подключённом устройстве: строки названия устройства, производителя, серийного № и т. п.","Например, в спецификации PC/SC метод используется для передачи сведений о подключённом устройстве: строки названия устройства, производителя, серийного номера и т. п."
"В массовой советской печати слово впервые появилось в 1961 году в романе Василия Аксёнова «Звёздный билет», публикация которого началась в шестом № журнала «Юность» за 1961 год.","В массовой советской печати слово впервые появилось в 1961 году в романе Василия Аксёнова «Звёздный билет», публикация которого началась в шестом номере журнала «Юность» за 1961 год."
"Выход первого № газеты «Хлібороб» состоялся 12 ноября 1905 года.","Выход первого номера газеты «Хлібороб» состоялся 12 ноября 1905 года."
"Журнал был создан в 1966 году Джеральдом Ротбергом и первоначально выходил под названием Hullabaloo (23 №).","Журнал был создан в 1966 году Джеральдом Ротбергом и первоначально выходил под названием Hullabaloo (23 номера)."
"В самого начала журнал был ориентирован на рок-аудиторию, так на обложке его ранних № фигурировали такие исполнители, как The Doors и Grand Funk Railroad.","В самого начала журнал был ориентирован на рок-аудиторию, так на обложке его ранних номеров фигурировали такие исполнители, как The Doors и Grand Funk Railroad."
"В 2000 году сериал попал под № 16 в список «100 величайших британских телевизионных программ», составленный Британским институтом кинематографии.","В 2000 году сериал попал под номером 16 в список «100 величайших британских телевизионных программ», составленный Британским институтом кинематографии."
"Региональные автомобильные дороги в Латвии обозначаются табличками прямоугольной формы с буквой P белого цвета и порядковым № соответствующей дороги на тёмно-синем фоне.","Региональные автомобильные дороги в Латвии обозначаются табличками прямоугольной формы с буквой P белого цвета и порядковым номером соответствующей дороги на тёмно-синем фоне."
"Оставшиеся на свободе Хо Хыу Тыонг и Фан Ван Хум, бежавшие из Франции в Бельгию, летом 1930 г. опубликовали первый и единственный вышедший № газеты «Тиенкуан» в Брюсселе.","Оставшиеся на свободе Хо Хыу Тыонг и Фан Ван Хум, бежавшие из Франции в Бельгию, летом 1930 г. опубликовали первый и единственный вышедший номер газеты «Тиенкуан» в Брюсселе."
"Как знак признания выдающегося вклада учёных Института в современную физику и химию можно расценить решение Международного союза теоретической и прикладной химии (ИЮПАК) о присвоении 105-му элементу названия дубний по месту расположения ОИЯИ, а 114-му элементу — названия флеровий в честь сооснователя ОИЯИ и многолетнего руководителя его Лаборатории ядерных реакций академика Г. Н. Флёрова, где во время его деятельности были синтезированы элементы с № от 102 до 110.","Как знак признания выдающегося вклада учёных Института в современную физику и химию можно расценить решение Международного союза теоретической и прикладной химии (ИЮПАК) о присвоении 105-му элементу названия дубний по месту расположения ОИЯИ, а 114-му элементу — названия флеровий в честь сооснователя ОИЯИ и многолетнего руководителя его Лаборатории ядерных реакций академика Г. Н. Флёрова, где во время его деятельности были синтезированы элементы с номерами от 102 до 110."
"Все 12 паровозов перешли в дубликаты в 1902 году, получив № с нулём впереди, в 1913 году списано 4 локомотива, а из оставшихся 5 были перенумерованы в 1914-м также в дубликаты.","Все 12 паровозов перешли в дубликаты в 1902 году, получив номера с нулём впереди, в 1913 году списано 4 локомотива, а из оставшихся 5 были перенумерованы в 1914-м также в дубликаты."
"SMC4, или белок структурной поддержки хромосом № четыре (англ. Structural maintenance of chromosomes protein 4), также известный как хромосом-ассоцированный полипептид C или XCAP-C гомолог — это белок, который у человека кодируется геном SMC4.","SMC4, или белок структурной поддержки хромосом номер четыре (англ. Structural maintenance of chromosomes protein 4), также известный как хромосом-ассоцированный полипептид C или XCAP-C гомолог — это белок, который у человека кодируется геном SMC4."
"Каждый № альманаха включал 10 авторов, каждый из которых был представлен обычно только пятью стихотворениями.","Каждый номер альманаха включал 10 авторов, каждый из которых был представлен обычно только пятью стихотворениями."
"В третьем № были поэты из Ленинграда, в том числе Дмитрий Бобышев (5), Иосиф Бродский (5), Глеб Горбовский (5), Виктор Голявкин (6), Михаил Ерёмин (5), Сергей Кулле (5), Александр Кушнер (5), Евгений Рейн (5), Нонна Слепакова (5) и Владимир Уфлянд (6).","В третьем номере были поэты из Ленинграда, в том числе Дмитрий Бобышев (5), Иосиф Бродский (5), Глеб Горбовский (5), Виктор Голявкин (6), Михаил Ерёмин (5), Сергей Кулле (5), Александр Кушнер (5), Евгений Рейн (5), Нонна Слепакова (5) и Владимир Уфлянд (6)."
"До ареста Гинзбурга успели выйти всего три № «Синтаксиса».","До ареста Гинзбурга успели выйти всего три номера «Синтаксиса»."
"Оганесо́н (лат. Oganesson, Og), ранее был известен под временными названиями унуно́ктий (лат. Ununoctium, Uuo) или э́ка-радо́н — химический элемент восемнадцатой группы (по устаревшей классификации — главной подгруппы восьмой группы), седьмого периода периодической системы химических элементов, атомный № — 118.","Оганесо́н (лат. Oganesson, Og), ранее был известен под временными названиями унуно́ктий (лат. Ununoctium, Uuo) или э́ка-радо́н — химический элемент восемнадцатой группы (по устаревшей классификации — главной подгруппы восьмой группы), седьмого периода периодической системы химических элементов, атомный номер — 118."
"На драфте НБА 1957 года под первым № клубом «Цинциннати Роялз» был выбран атакующий защитник Род Хандли из университета Западной Виргинии, однако сразу же был обменян в «Миннеаполис Лейкерс».","На драфте НБА 1957 года под первым номером клубом «Цинциннати Роялз» был выбран атакующий защитник Род Хандли из университета Западной Виргинии, однако сразу же был обменян в «Миннеаполис Лейкерс»."
"«На Мамурру и Цезаря» — условное название стихотворения римского поэта Гая Валерия Катулла, включённого в состав посмертного сборника («Книги Катулла Веронского») под № 57.","«На Мамурру и Цезаря» — условное название стихотворения римского поэта Гая Валерия Катулла, включённого в состав посмертного сборника («Книги Катулла Веронского») под номером 57."
"Флаг утверждён 27 сентября 2002 года и внесён в Государственный геральдический регистр Российской Федерации с присвоением регистрационного № 1019.","Флаг утверждён 27 сентября 2002 года и внесён в Государственный геральдический регистр Российской Федерации с присвоением регистрационного номера 1019."
"Флаг был зарегистрирован Геральдическим советом при президенте РФ и внесён в Государственный геральдический регистр РФ с присвоением регистрационного № 1219.","Флаг был зарегистрирован Геральдическим советом при президенте РФ и внесён в Государственный геральдический регистр РФ с присвоением регистрационного номера 1219."
"Ноулз заняла пятое место в Hot 100 синглов № один как сольная исполнительница и четвёртое место с Destiny’s Child, как сольная артистка она распродала более 35 миллионов альбомов и синглов в США.","Ноулз заняла пятое место в Hot 100 синглов номер один как сольная исполнительница и четвёртое место с Destiny’s Child, как сольная артистка она распродала более 35 миллионов альбомов и синглов в США."
"На драфте НХЛ 2002 года был выбран в 1 раунде под общим 5 № среди игроков «Питтсбург Пингвинз».","На драфте НХЛ 2002 года был выбран в 1 раунде под общим 5 номером среди игроков «Питтсбург Пингвинз»."
"SMC5 или белок структурной поддержки хромосом № пять (англ. Structural maintenance of chromosomes protein 5) — это белок, который у человека кодируется геном SMC5.","SMC5 или белок структурной поддержки хромосом номер пять (англ. Structural maintenance of chromosomes protein 5) — это белок, который у человека кодируется геном SMC5."
"Тактический № (англ. tactical number) — принятый в государствах членах NATO — OTAN и ряде других государствах термин, являющийся переводом русскоязычного термина «бортовой №».","Тактический номер (англ. tactical number) — принятый в государствах членах NATO — OTAN и ряде других государствах термин, являющийся переводом русскоязычного термина «бортовой номер»."
"Со временем термин «тактический №» получил распространение и в русском языке как синоним понятия «бортовой №» (не путать с понятием hull number — см. бортовой №).","Со временем термин «тактический номер» получил распространение и в русском языке как синоним понятия «бортовой номер» (не путать с понятием hull number — см. бортовой номер)."
"Оснащение № выполнено в соответствии с требованиями системы классификации гостиниц, соответствует категории четырехзвездочного отеля.","Оснащение номеров выполнено в соответствии с требованиями системы классификации гостиниц, соответствует категории четырехзвездочного отеля."
"На драфте НХЛ 1988 года был выбран в 1-м раунде под общим 9-м № командой «Сент-Луис Блюз».","На драфте НХЛ 1988 года был выбран в 1-м раунде под общим 9-м номером командой «Сент-Луис Блюз»."
"На драфте НХЛ 1995 года был выбран в 3 раунде под общим 76 № командой «Питтсбург Пингвинз».","На драфте НХЛ 1995 года был выбран в 3 раунде под общим 76 номером командой «Питтсбург Пингвинз»."
"Jeffery дебютировал под № 8 в чарте Billboard 200 и получил положительные оценки от критиков.","Jeffery дебютировал под номером 8 в чарте Billboard 200 и получил положительные оценки от критиков."
"Сейди Хаарла (фин. Seidi Haarla; родилась в 1984, Киркконумми, Уусимаа, Финляндия) — финская актриса театра и кино, ставшая известной благодаря главной женской роли в фильме Юхо Куосманена «Купе № шесть» (2021).","Сейди Хаарла (фин. Seidi Haarla; родилась в 1984, Киркконумми, Уусимаа, Финляндия) — финская актриса театра и кино, ставшая известной благодаря главной женской роли в фильме Юхо Куосманена «Купе номер шесть» (2021)."
"Самолёт известен на Нормандских островах как Joeys, один из бортов Aurigny Air Services имеет регистрационный № G-JOEY.","Самолёт известен на Нормандских островах как Joeys, один из бортов Aurigny Air Services имеет регистрационный номер G-JOEY."
"Другие игроки, выбранные под высокими №, имели относительно продуктивные карьеры, но, как считается, так и не достигли своего полного потенциала.","Другие игроки, выбранные под высокими номерами, имели относительно продуктивные карьеры, но, как считается, так и не достигли своего полного потенциала."
"Паровоз с № 236 находился в эксплуатации вплоть до 1970 года, а затем был отставлен от работы и сохранён Норвежским железнодорожным клубом.","Паровоз с номером 236 находился в эксплуатации вплоть до 1970 года, а затем был отставлен от работы и сохранён Норвежским железнодорожным клубом."
"Флаг Воронежа утверждён 26 сентября 2008 года и внесён в Государственный геральдический регистр Российской Федерации с присвоением регистрационного № 4447.","Флаг Воронежа утверждён 26 сентября 2008 года и внесён в Государственный геральдический регистр Российской Федерации с присвоением регистрационного номера 4447."
"Ка́льций (химический символ — Ca, от лат. Calcium) — химический элемент 2-й группы (по устаревшей классификации — главной подгруппы второй группы, IIA) четвёртого периода периодической системы химических элементов Д. И. Менделеева с атомным № 20.","Ка́льций (химический символ — Ca, от лат. Calcium) — химический элемент 2-й группы (по устаревшей классификации — главной подгруппы второй группы, IIA) четвёртого периода периодической системы химических элементов Д. И. Менделеева с атомным номером 20."
"Ра́дий (химический символ — Ra, от лат. Radium) — химический элемент 2-й группы (по устаревшей классификации — главной подгруппы второй группы, IIA) седьмого периода периодической системы химических элементов Д. И. Менделеева с атомным № 88.","Ра́дий (химический символ — Ra, от лат. Radium) — химический элемент 2-й группы (по устаревшей классификации — главной подгруппы второй группы, IIA) седьмого периода периодической системы химических элементов Д. И. Менделеева с атомным номером 88."
"О́лово (химический символ — Sn, от лат. Stannum) — химический элемент 14-й группы (по устаревшей классификации — главной подгруппы четвёртой группы, IVA), пятого периода периодической системы химических элементов Д. И. Менделеева, с атомным № 50 и атомной массой 118,710(7).","О́лово (химический символ — Sn, от лат. Stannum) — химический элемент 14-й группы (по устаревшей классификации — главной подгруппы четвёртой группы, IVA), пятого периода периодической системы химических элементов Д. И. Менделеева, с атомным номером 50 и атомной массой 118,710(7)."
"Американский самолёт-разведчик ERB-47H Stratojet с регистрационным № 53-4281 из 38-й стратегической разведывательной эскадрильи ВВС США был сбит советским лётчиком В. А. Поляковым на самолёте МиГ-19 в районе Баренцева моря недалеко от Кольского полуострова (к северу от мыса Святой Нос).","Американский самолёт-разведчик ERB-47H Stratojet с регистрационным номером 53-4281 из 38-й стратегической разведывательной эскадрильи ВВС США был сбит советским лётчиком В. А. Поляковым на самолёте МиГ-19 в районе Баренцева моря недалеко от Кольского полуострова (к северу от мыса Святой Нос)."
"Орудийный № в расчёте 76-миллиметровой пушки 223-го кавалерийского полка (63-я кавалерийская дивизия, 5-й гвардейский кавалерийский корпус, 2-й Украинский фронт) красноармеец Матущенко 3 февраля 1944 года в бою за село Ольшана (Городищенский район Черкасской области) вместе с сослуживцами поразил танк и четыре огневых точки противника.","Орудийный номер в расчёте 76-миллиметровой пушки 223-го кавалерийского полка (63-я кавалерийская дивизия, 5-й гвардейский кавалерийский корпус, 2-й Украинский фронт) красноармеец Матущенко 3 февраля 1944 года в бою за село Ольшана (Городищенский район Черкасской области) вместе с сослуживцами поразил танк и четыре огневых точки противника."
"Сюжет разворачивается в Европе в конце Второй мировой войны, в центрах по разработке, производству и отправке ракет Фау-2 для немецких войск, где несколько персонажей отправляются на поиски раскрытия секрета таинственного устройства под названием «Schwarzgerät» («черный блок»), который будет установлен на ракете с серийным № «00000».","Сюжет разворачивается в Европе в конце Второй мировой войны, в центрах по разработке, производству и отправке ракет Фау-2 для немецких войск, где несколько персонажей отправляются на поиски раскрытия секрета таинственного устройства под названием «Schwarzgerät» («черный блок»), который будет установлен на ракете с серийным номером «00000»."
"Трансура́новые элеме́нты (заурановые элементы, трансураны) — радиоактивные химические элементы, расположенные в периодической системе элементов Д. И. Менделеева за ураном, то есть с атомным № выше 92.","Трансура́новые элеме́нты (заурановые элементы, трансураны) — радиоактивные химические элементы, расположенные в периодической системе элементов Д. И. Менделеева за ураном, то есть с атомным номером выше 92."
"Элементы с атомным № более 100 называются сверхтяжёлыми элементами или трансфермиевыми элементами.","Элементы с атомным номером более 100 называются сверхтяжёлыми элементами или трансфермиевыми элементами."
"Первый из трансурановых элементов нептуний Np (порядковый № 93) был получен в 1940 г. бомбардировкой урана нейтронами.","Первый из трансурановых элементов нептуний Np (порядковый номер 93) был получен в 1940 г. бомбардировкой урана нейтронами."
"Ныне действующий флаг утверждён 10 июля 2002 года, как флаг муниципального образования «Холмский район» (после муниципальной реформы 2006 года — муниципальное образование «Холмский городской округ»), и внесён в Государственный геральдический регистр Российской Федерации с присвоением регистрационного № 1010.","Ныне действующий флаг утверждён 10 июля 2002 года, как флаг муниципального образования «Холмский район» (после муниципальной реформы 2006 года — муниципальное образование «Холмский городской округ»), и внесён в Государственный геральдический регистр Российской Федерации с присвоением регистрационного номера 1010."
"Флаг утверждён 19 июня 2008 года и внесён в Государственный геральдический регистр Российской Федерации с присвоением регистрационного № 4221.","Флаг утверждён 19 июня 2008 года и внесён в Государственный геральдический регистр Российской Федерации с присвоением регистрационного номера 4221."
"«№ 13» (англ. Number 13; альтернативное название «Миссис Пибоди» англ. Mrs Peabody) — короткометражный немой фильм, дебютная работа режиссёра Альфреда Хичкока, снятый в 1922 году.","«Номер 13» (англ. Number 13; альтернативное название «Миссис Пибоди» англ. Mrs Peabody) — короткометражный немой фильм, дебютная работа режиссёра Альфреда Хичкока, снятый в 1922 году."
"Периодичность выхода новых № раз в два месяца.","Периодичность выхода новых номеров раз в два месяца."
"Название фильма относится к № трейлера на стоянке, в котором Кэл спрятал похищенные деньги.","Название фильма относится к номеру трейлера на стоянке, в котором Кэл спрятал похищенные деньги."
"Строительство велось между 1519 и 1547 годами на изгибе реки Коссон (фр.) — небольшого притока реки Бёврон (фр.), впадающей в Луару, приблизительно в 6 км от левого берега Луары и в 14 км на восток от Блуа во французском департаменте Луар и Шер (№ департамента 41).","Строительство велось между 1519 и 1547 годами на изгибе реки Коссон (фр.) — небольшого притока реки Бёврон (фр.), впадающей в Луару, приблизительно в 6 км от левого берега Луары и в 14 км на восток от Блуа во французском департаменте Луар и Шер (номер департамента 41)."
"В 2020 году писатель издал новый детективный роман «Загадка № 622» — первую книгу, в которой действие происходит не в американской провинции, как в предыдущих романах Диккера, а на его родине — в Швейцарии.","В 2020 году писатель издал новый детективный роман «Загадка номера 622» — первую книгу, в которой действие происходит не в американской провинции, как в предыдущих романах Диккера, а на его родине — в Швейцарии."
"Флаг утверждён 27 декабря 1999 года и внесён в Государственный геральдический регистр Российской Федерации с присвоением регистрационного № 742.","Флаг утверждён 27 декабря 1999 года и внесён в Государственный геральдический регистр Российской Федерации с присвоением регистрационного номера 742."
"Первоначально был утверждён 22 декабря 2017 года как флаг Предгорного муниципального района и внесён в Государственный геральдический регистр РФ с присвоением регистрационного № 12488.","Первоначально был утверждён 22 декабря 2017 года как флаг Предгорного муниципального района и внесён в Государственный геральдический регистр РФ с присвоением регистрационного номера 12488."
"Флаг утверждён 25 июня 2002 года как флаг муниципального образования «Кусинского район» (после муниципальной реформы 2006 года — Кусинский муниципальный район) и внесён в Государственный геральдический регистр Российской Федерации с присвоением регистрационного № 999.","Флаг утверждён 25 июня 2002 года как флаг муниципального образования «Кусинского район» (после муниципальной реформы 2006 года — Кусинский муниципальный район) и внесён в Государственный геральдический регистр Российской Федерации с присвоением регистрационного номера 999."
"Флаг утверждён 28 июня 2005 года и внесён в Государственный геральдический регистр Российской Федерации с присвоением регистрационного № 1993.","Флаг утверждён 28 июня 2005 года и внесён в Государственный геральдический регистр Российской Федерации с присвоением регистрационного номера 1993."
"Флаг утверждён 27 декабря 2007 года и внесён в Государственный геральдический регистр Российской Федерации с присвоением регистрационного № 3835.","Флаг утверждён 27 декабря 2007 года и внесён в Государственный геральдический регистр Российской Федерации с присвоением регистрационного номера 3835."
"Третья песня Эллен (нем. Ellens dritter Gesang, Ellens Gesang III) — произведение Франца Шуберта (№ по каталогу Дойча — D 839), более известное под неаутентичным заголовком «Ave Maria».","Третья песня Эллен (нем. Ellens dritter Gesang, Ellens Gesang III) — произведение Франца Шуберта (номер по каталогу Дойча — D 839), более известное под неаутентичным заголовком «Ave Maria»."
"На драфте НХЛ 1995 года был выбран в 1 раунде под общим 16 № клубом «Баффало Сэйбрз».","На драфте НХЛ 1995 года был выбран в 1 раунде под общим 16 номером клубом «Баффало Сэйбрз»."
"Журнал был основан Союзом болгарских писателей и Союзом переводчиков в Болгарии, и его первый № вышел из печати в 1981 году.","Журнал был основан Союзом болгарских писателей и Союзом переводчиков в Болгарии, и его первый номер вышел из печати в 1981 году."
"Первоначально «Факел» выпускал шесть № в год, затем четыре.","Первоначально «Факел» выпускал шесть номеров в год, затем четыре."
"Сегодня зал Чонджон входит в список Национальных сокровищ страны под № 227, являясь самым длинным из древнекорейских сооружений.","Сегодня зал Чонджон входит в список Национальных сокровищ страны под номером 227, являясь самым длинным из древнекорейских сооружений."
"Флаг утверждён 26 мая 2010 года и внесён в Государственный геральдический регистр Российской Федерации с присвоением регистрационного № 6347.","Флаг утверждён 26 мая 2010 года и внесён в Государственный геральдический регистр Российской Федерации с присвоением регистрационного номера 6347."
"Массив Рикорда имеет каталожный № 9-п4.6 согласно «Каталогу активных вулканов мира», то есть ∈ Курильской островной дуге (цифра 9), является подводным (буква п), входит в группу Расшуа (цифра 4 — порядковый № группы с севера на юг) и в этой группе имеет порядковый № 6 в субмеридиональном направлении.","Массив Рикорда имеет каталожный номер 9-п4.6 согласно «Каталогу активных вулканов мира», то есть принадлежит Курильской островной дуге (цифра 9), является подводным (буква п), входит в группу Расшуа (цифра 4 — порядковый номер группы с севера на юг) и в этой группе имеет порядковый номер 6 в субмеридиональном направлении."
"В Питер за сарафаном — рассказ русского советского писателя Фёдора Абрамова в жанре «деревенской прозы», опубликованный в первом № журнала «Звезда» за 1961 год..","В Питер за сарафаном — рассказ русского советского писателя Фёдора Абрамова в жанре «деревенской прозы», опубликованный в первом номере журнала «Звезда» за 1961 год.."
"В поддержку Good Girl Gone Bad было выпущено пять синглов, включая международные хиты «Umbrella» и «Don’t Stop The Music»; Rolling Stone поместил первый под № 412 в 500 величайших песен журнала всех времен.","В поддержку Good Girl Gone Bad было выпущено пять синглов, включая международные хиты «Umbrella» и «Don’t Stop The Music»; Rolling Stone поместил первый под номером 412 в 500 величайших песен журнала всех времен."
"Флаг утверждён 25 апреля 2006 года и внесён в Государственный геральдический регистр Российской Федерации с присвоением регистрационного № 2308.","Флаг утверждён 25 апреля 2006 года и внесён в Государственный геральдический регистр Российской Федерации с присвоением регистрационного номера 2308."
"Hello, Love (с англ. — «Здравствуй, любовь») — двадцатый студийный альбом американской джазовой певицы Эллы Фицджеральд, выпущенный на лейбле Verve Records в 1960 году под студийным № Verve VS-4034.","Hello, Love (с англ. — «Здравствуй, любовь») — двадцатый студийный альбом американской джазовой певицы Эллы Фицджеральд, выпущенный на лейбле Verve Records в 1960 году под студийным номером Verve VS-4034."
"В 2004 году Verve перевыпустила запись в формате CD под студийным № Verve 0602498625811.","В 2004 году Verve перевыпустила запись в формате CD под студийным номером Verve 0602498625811."
"Гадоли́ний (химический символ — Gd, от новолат. Gadolinium) — химический элемент 3-й группы (по устаревшей классификации — побочной подгруппы третьей группы, IIIB) шестого периода периодической системы химических элементов Д.И. Менделеева с атомным № 64.","Гадоли́ний (химический символ — Gd, от новолат. Gadolinium) — химический элемент 3-й группы (по устаревшей классификации — побочной подгруппы третьей группы, IIIB) шестого периода периодической системы химических элементов Д.И. Менделеева с атомным номером 64."
"Стандарты МЭК имеют № в диапазоне 60 000 — 79 999, и их названия имеют вид типа МЭК 60411 Графические символы.","Стандарты МЭК имеют номера в диапазоне 60 000 — 79 999, и их названия имеют вид типа МЭК 60411 Графические символы."
"Ледокол «Москва» — дизель-электрический ледокол проекта 21900 заводской № 601, головное судно в серии.","Ледокол «Москва» — дизель-электрический ледокол проекта 21900 заводской номер 601, головное судно в серии."
"По соображениям конфиденциальности применяется автоматическое затирание лиц людей и № транспортных средств.","По соображениям конфиденциальности применяется автоматическое затирание лиц людей и номеров транспортных средств."
"За всю свою карьеру она снялась более чем в двухсот фильмах, среди которых «Имитация жизни», «Великолепная одержимость», «Ужасная правда», «Роза в сквере Вашингтона», «Они едут ночью», «Рождество в Коннектикуте», «Балалайка», «Милдред Пирс», «Лучшие годы нашей жизни» и «Извините, ошиблись №».","За всю свою карьеру она снялась более чем в двухсот фильмах, среди которых «Имитация жизни», «Великолепная одержимость», «Ужасная правда», «Роза в сквере Вашингтона», «Они едут ночью», «Рождество в Коннектикуте», «Балалайка», «Милдред Пирс», «Лучшие годы нашей жизни» и «Извините, ошиблись номером»."
"Комплекс был открыт 18 декабря 1993 года как крупнейший отель во всей Америке — 6852 № (сейчас по этому показателю занимает четвёртое место в мире).","Комплекс был открыт 18 декабря 1993 года как крупнейший отель во всей Америке — 6852 номера (сейчас по этому показателю занимает четвёртое место в мире)."
"Це́рий (химический символ — Ce, от лат. Cerium) — химический элемент 3-й группы (по устаревшей классификации — побочной подгруппы третьей группы, IIIB) шестого периода периодической системы химических элементов Д. И. Менделеева с атомным № 58.","Це́рий (химический символ — Ce, от лат. Cerium) — химический элемент 3-й группы (по устаревшей классификации — побочной подгруппы третьей группы, IIIB) шестого периода периодической системы химических элементов Д. И. Менделеева с атомным номером 58."
"Флаг утверждён 26 января 2011 года и внесён в Государственный геральдический регистр Российской Федерации с присвоением регистрационного № 6697.","Флаг утверждён 26 января 2011 года и внесён в Государственный геральдический регистр Российской Федерации с присвоением регистрационного номера 6697."
"Тана Алекса и её муж / соавтор Антонио Санчес были представлены на обложке музыкального журнала DownBeat Magazine в № за май 2020 года.","Тана Алекса и её муж / соавтор Антонио Санчес были представлены на обложке музыкального журнала DownBeat Magazine в номере за май 2020 года."
"Флаг утверждён 28 сентября 2006 и внесён в Государственный геральдический регистр Российской Федерации с присвоением регистрационного № 2658.","Флаг утверждён 28 сентября 2006 и внесён в Государственный геральдический регистр Российской Федерации с присвоением регистрационного номера 2658."
"Игровой № может быть закреплен футбольным клубом за конкретным игроком в знак признания его заслуг, в случае трагической смерти либо серьёзной травмы, заставившей завершить карьеру, а также в других подобных ситуациях.","Игровой номер может быть закреплен футбольным клубом за конкретным игроком в знак признания его заслуг, в случае трагической смерти либо серьёзной травмы, заставившей завершить карьеру, а также в других подобных ситуациях."
"Авторитарный президент Центральноафриканской Республики (1966—1976) и император Центральноафриканской Империи (1976—1979) Жан-Бедель Бокасса (1921—1996) имел в общей сложности 19 законных жён, включая императрицу Центральноафриканской Империи (так называемую «Жену № один») Екатерину Дангиаде.","Авторитарный президент Центральноафриканской Республики (1966—1976) и император Центральноафриканской Империи (1976—1979) Жан-Бедель Бокасса (1921—1996) имел в общей сложности 19 законных жён, включая императрицу Центральноафриканской Империи (так называемую «Жену номер один») Екатерину Дангиаде."
"Флаг утверждён Указом Мэра Москвы от 03.04.2002 N 17-УМ и внесён в Геральдический реестр города Москвы с присвоением регистрационного № ?.","Флаг утверждён Указом Мэра Москвы от 03.04.2002 N 17-УМ и внесён в Геральдический реестр города Москвы с присвоением регистрационного номера ?."
"Флаг утверждён 31 января 2006 года и 20 февраля 2006 года внесён в Государственный геральдический регистр Российской Федерации с присвоением регистрационного № 2185.","Флаг утверждён 31 января 2006 года и 20 февраля 2006 года внесён в Государственный геральдический регистр Российской Федерации с присвоением регистрационного номера 2185."
"«Союз-12» — советский пилотируемый космический корабль серии «Союз» (регистрационный № 1973-067A / 06836), испытательный полёт космического корабля Союз 7K-T.","«Союз-12» — советский пилотируемый космический корабль серии «Союз» (регистрационный номер 1973-067A / 06836), испытательный полёт космического корабля Союз 7K-T."
"Первый № вышел тиражом 6 000 экземпляров.","Первый номер вышел тиражом 6 000 экземпляров."
"На здании в Вильнюсе (по бывшей улице Виленской, в советское время Гирос, ныне Вильняус, Vilniaus g. 39), где увидел свет первый № газеты, установлена мемориальная таблица с надписью на литовском языке.","На здании в Вильнюсе (по бывшей улице Виленской, в советское время Гирос, ныне Вильняус, Vilniaus g. 39), где увидел свет первый номер газеты, установлена мемориальная таблица с надписью на литовском языке."
"По результатам университетской карьеры Пресс была выбрана под четвёртым № драфта клубом «Вашингтон Фридом» в 2011 году, в составе этого клуба она получила приз лучшего новичка года.","По результатам университетской карьеры Пресс была выбрана под четвёртым номером драфта клубом «Вашингтон Фридом» в 2011 году, в составе этого клуба она получила приз лучшего новичка года."
"«Breed» (с англ. — «Потомство») — песня американской гранж-группы Nirvana, написанная вокалистом и гитаристом Куртом Кобейном и впервые выпущенная на втором альбоме коллектива Nevermind под 4-м № 24 сентября 1991 года.","«Breed» (с англ. — «Потомство») — песня американской гранж-группы Nirvana, написанная вокалистом и гитаристом Куртом Кобейном и впервые выпущенная на втором альбоме коллектива Nevermind под 4-м номером 24 сентября 1991 года."
"Ксено́н (химический символ — Xe, от лат. Xenon) — химический элемент 18-й группы (по устаревшей классификации — главной подгруппы восьмой группы, VIIIA) пятого периода периодической системы химических элементов Д. И. Менделеева с атомным № 54.","Ксено́н (химический символ — Xe, от лат. Xenon) — химический элемент 18-й группы (по устаревшей классификации — главной подгруппы восьмой группы, VIIIA) пятого периода периодической системы химических элементов Д. И. Менделеева с атомным номером 54."
"17 октября 2015 года вышел последний «бумажный» № газеты.","17 октября 2015 года вышел последний «бумажный» номер газеты."
"Ныне действующий флаг утверждён 27 января 2009 года и внесён в Государственный геральдический регистр Российской Федерации с присвоением регистрационного № 4717.","Ныне действующий флаг утверждён 27 января 2009 года и внесён в Государственный геральдический регистр Российской Федерации с присвоением регистрационного номера 4717."
"Памятный знак библиотекарям блокадного Ленинграда внесён к Книгу Памяти под № 31074.","Памятный знак библиотекарям блокадного Ленинграда внесён к Книгу Памяти под номером 31074."
"Выпущенный под одобрительные отзывы критиков, альбом дебютировал на шестом месте под в американском хит-параде Billboard Top Album Sales и под № 48 в чарте Top Rock Albums.","Выпущенный под одобрительные отзывы критиков, альбом дебютировал на шестом месте под в американском хит-параде Billboard Top Album Sales и под номером 48 в чарте Top Rock Albums."
"«Комические рекламы и объявления» — комические пародии русского писателя XIX-XX века Антона Павловича Чехова, написанные в 1882 году и впервые опубликованный под псевдонимом «Антоша Чехонте» в седьмом № художественно-юмористического журнала «Будильник».","«Комические рекламы и объявления» — комические пародии русского писателя XIX-XX века Антона Павловича Чехова, написанные в 1882 году и впервые опубликованный под псевдонимом «Антоша Чехонте» в седьмом номере художественно-юмористического журнала «Будильник»."
"Флаг утверждён 3 сентября 2010 года и внесён в Государственный геральдический регистр Российской Федерации с присвоением регистрационного № 6537.","Флаг утверждён 3 сентября 2010 года и внесён в Государственный геральдический регистр Российской Федерации с присвоением регистрационного номера 6537."
"«Колокол» — самиздатский общественно-политический журнал журнал, два № которого выпустила в 1965 году группа диссидентов в Ленинграде.","«Колокол» — самиздатский общественно-политический журнал журнал, два номера которого выпустила в 1965 году группа диссидентов в Ленинграде."
"В апреле и мае 1965 го­да они выпустили гектографическим способом два № журнала «Колокол» в количестве «не менее 15 экземпляров каждый».","В апреле и мае 1965 го­да они выпустили гектографическим способом два номера журнала «Колокол» в количестве «не менее 15 экземпляров каждый»."
"Песня «Easy Livin’», изначально написанная Хенсли в расчёте на сценическую харизму фронтмена Дэвида Байрона, стала одним из популярнейших № в концертном репертуаре Uriah Heep.","Песня «Easy Livin’», изначально написанная Хенсли в расчёте на сценическую харизму фронтмена Дэвида Байрона, стала одним из популярнейших номеров в концертном репертуаре Uriah Heep."
"Флаг утверждён 27 ноября 2003 года и внесён в Государственный геральдический регистр Российской Федерации под № 1449.","Флаг утверждён 27 ноября 2003 года и внесён в Государственный геральдический регистр Российской Федерации под номером 1449."
"Бром (химический символ — Br, от др.-греч. βρῶμος — «зловонный», также от лат. Bromum) — химический элемент 17-й группы (по устаревшей классификации — главной подгруппы седьмой группы, VIIA) четвёртого периода периодической системы химических элементов Д. И. Менделеева, с атомным № 35.","Бром (химический символ — Br, от др.-греч. βρῶμος — «зловонный», также от лат. Bromum) — химический элемент 17-й группы (по устаревшей классификации — главной подгруппы седьмой группы, VIIA) четвёртого периода периодической системы химических элементов Д. И. Менделеева, с атомным номером 35."
"Сборник выходит с 1972 года (в настоящий момент с периодичностью 1 № в два года — с 2009 года).","Сборник выходит с 1972 года (в настоящий момент с периодичностью 1 номер в два года — с 2009 года)."
"Проверьте, пожалуйста, № вашего билета перед посадкой.","Проверьте, пожалуйста, номер вашего билета перед посадкой."
"Этот документ имеет регистрационный № 12345.","Этот документ имеет регистрационный номер 12345."
"Вы можете найти нужную информацию в разделе № 5.","Вы можете найти нужную информацию в разделе номер 5."
"Проект указан под № 42 в списке.","Проект указан под номером 42 в списке."
"Пожалуйста, укажите № телефона для связи.","Пожалуйста, укажите номер телефона для связи."
"Паспорт с № 567890 был выдан в 2020 году.","Паспорт с номером 567890 был выдан в 2020 году."
"В каталоге товар находится под № 76.","В каталоге товар находится под номером 76."
"Багаж зарегистрирован под № 34.","Багаж зарегистрирован под номером 34."
"Не забудьте сообщить № квартиры при доставке.","Не забудьте сообщить номер квартиры при доставке."
"Ваша заявка присвоена под № 981.","Ваша заявка присвоена под номером 981."
"Отправление отправлено с отслеживанием по № 000123.","Отправление отправлено с отслеживанием по номеру 000123."
"Автомобиль с гос. № А123ВС был замечен на перекрёстке.","Автомобиль с государственным номером А123ВС был замечен на перекрёстке."
"В таблице ваш результат указан под № 3.","В таблице ваш результат указан под номером 3."
"Поездка по маршруту № 45 начнётся в 10 утра.","Поездка по маршруту номер 45 начнётся в 10 утра."
"Эта задача в списке под № 12.","Эта задача в списке под номером 12."
"На заседании комиссии обсуждались изменения в проекте под № 34, а также в документации под № 56, которые требовали дополнительного согласования с техническим отделом.","На заседании комиссии обсуждались изменения в проекте под номером 34, а также в документации под номером 56, которые требовали дополнительного согласования с техническим отделом."
"Согласно протоколу № 12, материалы должны быть распределены по участкам в строгом соответствии с порядковым № каждого участка в списке.","Согласно протоколу номер 12, материалы должны быть распределены по участкам в строгом соответствии с порядковым номером каждого участка в списке."
"Для отправки посылок № 6789 и № 6790 требовалось дополнительное согласование, так как их содержимое подлежало проверке на наличие запрещённых предметов.","Для отправки посылок номер 6789 и номер 6790 требовалось дополнительное согласование, так как их содержимое подлежало проверке на наличие запрещённых предметов."
"Пациент с картой № 23456 жаловался на боль в груди, в то время как пациент с картой № 23457 поступил с жалобами на высокое давление.","Пациент с картой номер 23456 жаловался на боль в груди, в то время как пациент с картой номер 23457 поступил с жалобами на высокое давление."
"Проект строительства дороги, представленный под № 7, был отклонён, а проект под № 9 получил одобрение с поправками.","Проект строительства дороги, представленный под номером 7, был отклонён, а проект под номером 9 получил одобрение с поправками."
"В архиве обнаружены документы под № 789, 790 и 791, все из которых содержат информацию о распоряжениях 1950-х годов.","В архиве обнаружены документы под номерами 789, 790 и 791, все из которых содержат информацию о распоряжениях 1950-х годов."
"Заявление по делу № 456 и протест по делу № 457 были рассмотрены одновременно в связи с их схожей тематикой и доказательной базой.","Заявление по делу номер 456 и протест по делу номер 457 были рассмотрены одновременно в связи с их схожей тематикой и доказательной базой."
"По результатам проверки, заказ под № 1023 был признан дефектным, а заказы под № 1024 и 1025 — готовыми к отправке.","По результатам проверки, заказ под номером 1023 был признан дефектным, а заказы под номерами 1024 и 1025 — готовыми к отправке."
"В базе данных нашлись записи о клиентах под № 1201, 1202 и 1203, каждый из которых оформлял покупку в течение последнего месяца.","В базе данных нашлись записи о клиентах под номерами 1201, 1202 и 1203, каждый из которых оформлял покупку в течение последнего месяца."
"План мероприятий с указанием всех пунктов под № 2, № 3 и № 4 был утверждён на ежеквартальном собрании совета директоров.","План мероприятий с указанием всех пунктов под номером 2, номером 3 и номером 4 был утверждён на ежеквартальном собрании совета директоров."