"–ì–∞–Ω—Å–∫–∏–π —Ñ—É–Ω—Ç (–∞–Ω–≥–ª. Ghanaian pound) ‚Äî ¬§ –ì–∞–Ω—ã –≤ 1958‚Äî1965 –≥–æ–¥–∞—Ö.","–ì–∞–Ω—Å–∫–∏–π —Ñ—É–Ω—Ç (–∞–Ω–≥–ª. Ghanaian pound) ‚Äî –¥–µ–Ω–µ–∂–Ω–∞—è –µ–¥–∏–Ω–∏—Ü–∞ –ì–∞–Ω—ã –≤ 1958‚Äî1965 –≥–æ–¥–∞—Ö."
"–î–∏—Ä—Ö–∞ÃÅ–º –û–ê–≠ ‚Äî ¬§ –û–±—ä–µ–¥–∏–Ω—ë–Ω–Ω—ã—Ö –ê—Ä–∞–±—Å–∫–∏—Ö –≠–º–∏—Ä–∞—Ç–æ–≤.","–î–∏—Ä—Ö–∞ÃÅ–º –û–ê–≠ ‚Äî –¥–µ–Ω–µ–∂–Ω–∞—è –µ–¥–∏–Ω–∏—Ü–∞ –û–±—ä–µ–¥–∏–Ω—ë–Ω–Ω—ã—Ö –ê—Ä–∞–±—Å–∫–∏—Ö –≠–º–∏—Ä–∞—Ç–æ–≤."
"–ú–æ–∑–∞–º–±–∏–∫—Å–∫–∏–π —Ä–µ–∞–ª (–ø–æ—Ä—Ç. Real) ‚Äî ¬§ –ø–æ—Ä—Ç—É–≥–∞–ª—å—Å–∫–æ–≥–æ –≤–ª–∞–¥–µ–Ω–∏—è –ú–æ–∑–∞–º–±–∏–∫ –≤ 1878‚Äî1914 –≥–æ–¥–∞—Ö.","–ú–æ–∑–∞–º–±–∏–∫—Å–∫–∏–π —Ä–µ–∞–ª (–ø–æ—Ä—Ç. Real) ‚Äî –¥–µ–Ω–µ–∂–Ω–∞—è –µ–¥–∏–Ω–∏—Ü–∞ –ø–æ—Ä—Ç—É–≥–∞–ª—å—Å–∫–æ–≥–æ –≤–ª–∞–¥–µ–Ω–∏—è –ú–æ–∑–∞–º–±–∏–∫ –≤ 1878‚Äî1914 –≥–æ–¥–∞—Ö."
"–ú–∏–ª–ª—å, –º–∏–ª—å, –º–∏–ª, –º–∏–ª–ª—å–µ–º, –º–∏–ª—å–µ–º, –º–∏–ª–ª–∏–º, –º–∏–ª–µ—Å–∏–º–æ ‚Äî –ª–æ–∫–∞–ª—å–Ω—ã–µ –Ω–∞–∏–º–µ–Ω–æ–≤–∞–Ω–∏—è ¬§, —Ä–∞–≤–Ω—ã—Ö 1‚ÅÑ1000 –æ—Å–Ω–æ–≤–Ω–æ–π –≤–∞–ª—é—Ç—ã, –∏–º–µ—é—â–∏–µ –æ–±—â—É—é —ç—Ç–∏–º–æ–ª–æ–≥–∏—é (–≤—Å–µ –æ–Ω–∏ –≤ –∫–æ–Ω–µ—á–Ω–æ–º –∏—Ç–æ–≥–µ –ø—Ä–æ–∏—Å—Ö–æ–¥—è—Ç –æ—Ç –ª–∞—Ç.","–ú–∏–ª–ª—å, –º–∏–ª—å, –º–∏–ª, –º–∏–ª–ª—å–µ–º, –º–∏–ª—å–µ–º, –º–∏–ª–ª–∏–º, –º–∏–ª–µ—Å–∏–º–æ ‚Äî –ª–æ–∫–∞–ª—å–Ω—ã–µ –Ω–∞–∏–º–µ–Ω–æ–≤–∞–Ω–∏—è –¥–µ–Ω–µ–∂–Ω—ã—Ö –µ–¥–∏–Ω–∏—Ü, —Ä–∞–≤–Ω—ã—Ö 1‚ÅÑ1000 –æ—Å–Ω–æ–≤–Ω–æ–π –≤–∞–ª—é—Ç—ã, –∏–º–µ—é—â–∏–µ –æ–±—â—É—é —ç—Ç–∏–º–æ–ª–æ–≥–∏—é (–≤—Å–µ –æ–Ω–∏ –≤ –∫–æ–Ω–µ—á–Ω–æ–º –∏—Ç–æ–≥–µ –ø—Ä–æ–∏—Å—Ö–æ–¥—è—Ç –æ—Ç –ª–∞—Ç."
"–§—Ä–∞–Ω–∫ –õ—é—Ü–µ—Ä–Ω–∞ ‚Äî ¬§ —à–≤–µ–π—Ü–∞—Ä—Å–∫–æ–≥–æ –∫–∞–Ω—Ç–æ–Ω–∞ –õ—é—Ü–µ—Ä–Ω –≤ 1803‚Äî1850 –≥–æ–¥–∞—Ö.","–§—Ä–∞–Ω–∫ –õ—é—Ü–µ—Ä–Ω–∞ ‚Äî –¥–µ–Ω–µ–∂–Ω–∞—è –µ–¥–∏–Ω–∏—Ü–∞ —à–≤–µ–π—Ü–∞—Ä—Å–∫–æ–≥–æ –∫–∞–Ω—Ç–æ–Ω–∞ –õ—é—Ü–µ—Ä–Ω –≤ 1803‚Äî1850 –≥–æ–¥–∞—Ö."
"–ì–∏–±—Ä–∞–ª—Ç–∞ÃÅ—Ä—Å–∫–∏–π —Ñ—É–Ω—Ç (–∞–Ω–≥–ª. Gibraltar pound) ‚Äî ¬§ –ì–∏–±—Ä–∞–ª—Ç–∞—Ä–∞, –∏–Ω–æ–≥–¥–∞ —Ç–∞–∫–∂–µ –Ω–∞–∑—ã–≤–∞–µ–º–∞—è –ª–∏–≤—Ä–æ–º.","–ì–∏–±—Ä–∞–ª—Ç–∞ÃÅ—Ä—Å–∫–∏–π —Ñ—É–Ω—Ç (–∞–Ω–≥–ª. Gibraltar pound) ‚Äî –¥–µ–Ω–µ–∂–Ω–∞—è –µ–¥–∏–Ω–∏—Ü–∞ –ì–∏–±—Ä–∞–ª—Ç–∞—Ä–∞, –∏–Ω–æ–≥–¥–∞ —Ç–∞–∫–∂–µ –Ω–∞–∑—ã–≤–∞–µ–º–∞—è –ª–∏–≤—Ä–æ–º."
"–¶–µ–Ω—Ç—Ä–∞–ª—å–Ω–æ–∞—Ñ—Ä–∏–∫–∞ÃÅ–Ω—Å–∫–∏–π —Ñ—Ä–∞–Ω–∫ –ö–§–ê, —Ñ—Ä–∞–Ω–∫ –ö–§–ê BEAC, —Ñ—Ä–∞–Ω–∫ —Ñ–∏–Ω–∞ÃÅ–Ω—Å–æ–≤–æ–≥–æ —Å–æ—Ç—Ä—ÉÃÅ–¥–Ω–∏—á–µ—Å—Ç–≤–∞ –≤ –¶–µ–Ω—Ç—Ä–∞ÃÅ–ª—å–Ω–æ–π –êÃÅ—Ñ—Ä–∏–∫–µ (—Ñ—Ä. franc CFA centrafricain, franc CFA BEAC, franc de la Coop√©ration financi√®re en Afrique-centrale) ‚Äî ¬§ —à–µ—Å—Ç–∏ –∞—Ñ—Ä–∏–∫–∞–Ω—Å–∫–∏—Ö –≥–æ—Å—É–¥–∞—Ä—Å—Ç–≤, –≤—Ö–æ–¥—è—â–∏—Ö –≤ –≤–∞–ª—é—Ç–Ω—É—é –∑–æ–Ω—É —Ñ—Ä–∞–Ω–∫–∞.","–¶–µ–Ω—Ç—Ä–∞–ª—å–Ω–æ–∞—Ñ—Ä–∏–∫–∞ÃÅ–Ω—Å–∫–∏–π —Ñ—Ä–∞–Ω–∫ –ö–§–ê, —Ñ—Ä–∞–Ω–∫ –ö–§–ê BEAC, —Ñ—Ä–∞–Ω–∫ —Ñ–∏–Ω–∞ÃÅ–Ω—Å–æ–≤–æ–≥–æ —Å–æ—Ç—Ä—ÉÃÅ–¥–Ω–∏—á–µ—Å—Ç–≤–∞ –≤ –¶–µ–Ω—Ç—Ä–∞ÃÅ–ª—å–Ω–æ–π –êÃÅ—Ñ—Ä–∏–∫–µ (—Ñ—Ä. franc CFA centrafricain, franc CFA BEAC, franc de la Coop√©ration financi√®re en Afrique-centrale) ‚Äî –¥–µ–Ω–µ–∂–Ω–∞—è –µ–¥–∏–Ω–∏—Ü–∞ —à–µ—Å—Ç–∏ –∞—Ñ—Ä–∏–∫–∞–Ω—Å–∫–∏—Ö –≥–æ—Å—É–¥–∞—Ä—Å—Ç–≤, –≤—Ö–æ–¥—è—â–∏—Ö –≤ –≤–∞–ª—é—Ç–Ω—É—é –∑–æ–Ω—É —Ñ—Ä–∞–Ω–∫–∞."
"–í 1907 –≥–æ–¥—É –°–æ—Å—Å—é—Ä –ø—Ä–µ–¥–ª–æ–∂–∏–ª –∏—Å–ø–æ–ª—å–∑–æ–≤–∞—Ç—å –º–µ–∂–¥—É–Ω–∞—Ä–æ–¥–Ω—É—é ¬§ —Å–ø–µ—Å–º–∏–ª–æ (‚Ç∑).","–í 1907 –≥–æ–¥—É –°–æ—Å—Å—é—Ä –ø—Ä–µ–¥–ª–æ–∂–∏–ª –∏—Å–ø–æ–ª—å–∑–æ–≤–∞—Ç—å –º–µ–∂–¥—É–Ω–∞—Ä–æ–¥–Ω—É—é –¥–µ–Ω–µ–∂–Ω—É—é –µ–¥–∏–Ω–∏—Ü—É —Å–ø–µ—Å–º–∏–ª–æ (‚Ç∑)."
"–ó–∞–º–±–∏ÃÅ–π—Å–∫–∞—è –∫–≤–∞ÃÅ—á–∞ (–∫–æ–¥ ISO 4217 ‚Äî ZMW, —Å–∏–º–≤–æ–ª ‚Äî K, ZK) ‚Äî ¬§ –†–µ—Å–ø—É–±–ª–∏–∫–∏ –ó–∞–º–±–∏—è.","–ó–∞–º–±–∏ÃÅ–π—Å–∫–∞—è –∫–≤–∞ÃÅ—á–∞ (–∫–æ–¥ ISO 4217 ‚Äî ZMW, —Å–∏–º–≤–æ–ª ‚Äî K, ZK) ‚Äî –¥–µ–Ω–µ–∂–Ω–∞—è –µ–¥–∏–Ω–∏—Ü–∞ –†–µ—Å–ø—É–±–ª–∏–∫–∏ –ó–∞–º–±–∏—è."
"–£ÃÅ–Ω—Ü–∏—è (–ª–∞—Ç. uncia, –æ—Ç ≈´nus ‚Äî ¬´–æ–¥–∏–Ω¬ª) ‚Äî –Ω–∞–∑–≤–∞–Ω–∏–µ –Ω–µ—Å–∫–æ–ª—å–∫–∏—Ö –µ–¥–∏–Ω–∏—Ü –∏–∑–º–µ—Ä–µ–Ω–∏—è –º–∞—Å—Å—ã, –∞ —Ç–∞–∫–∂–µ –¥–≤—É—Ö –º–µ—Ä –æ–±—ä—ë–º–∞ –∂–∏–¥–∫–∏—Ö —Ç–µ–ª, –æ–¥–Ω–æ–π –µ–¥–∏–Ω–∏—Ü—ã –∏–∑–º–µ—Ä–µ–Ω–∏—è —Å–∏–ª—ã –∏ –Ω–µ—Å–∫–æ–ª—å–∫–∏—Ö ¬§, –æ–±—Ä–∞–∑–æ–≤–∞–Ω–Ω—ã—Ö –∫–∞–∫ –¥–≤–µ–Ω–∞–¥—Ü–∞—Ç–∞—è –¥–æ–ª—è –¥—Ä—É–≥–æ–π –µ–¥–∏–Ω–∏—Ü—ã.","–£ÃÅ–Ω—Ü–∏—è (–ª–∞—Ç. uncia, –æ—Ç ≈´nus ‚Äî ¬´–æ–¥–∏–Ω¬ª) ‚Äî –Ω–∞–∑–≤–∞–Ω–∏–µ –Ω–µ—Å–∫–æ–ª—å–∫–∏—Ö –µ–¥–∏–Ω–∏—Ü –∏–∑–º–µ—Ä–µ–Ω–∏—è –º–∞—Å—Å—ã, –∞ —Ç–∞–∫–∂–µ –¥–≤—É—Ö –º–µ—Ä –æ–±—ä—ë–º–∞ –∂–∏–¥–∫–∏—Ö —Ç–µ–ª, –æ–¥–Ω–æ–π –µ–¥–∏–Ω–∏—Ü—ã –∏–∑–º–µ—Ä–µ–Ω–∏—è —Å–∏–ª—ã –∏ –Ω–µ—Å–∫–æ–ª—å–∫–∏—Ö –¥–µ–Ω–µ–∂–Ω—ã—Ö –µ–¥–∏–Ω–∏—Ü, –æ–±—Ä–∞–∑–æ–≤–∞–Ω–Ω—ã—Ö –∫–∞–∫ –¥–≤–µ–Ω–∞–¥—Ü–∞—Ç–∞—è –¥–æ–ª—è –¥—Ä—É–≥–æ–π –µ–¥–∏–Ω–∏—Ü—ã."
"–°–µ–Ω—Ç–∞ÃÅ–≤–æ (–∏—Å–ø. –∏ –ø–æ—Ä—Ç. centavo) ‚Äî —Ä–∞–∑–º–µ–Ω–Ω–∞—è ¬§ —Ä—è–¥–∞ –∏—Å–ø–∞–Ω–æ- –∏ –ø–æ—Ä—Ç—É–≥–∞–ª–æ—è–∑—ã—á–Ω—ã—Ö —Å—Ç—Ä–∞–Ω, –≤–æ –≤—Å–µ—Ö —Å–ª—É—á–∞—è—Ö —Ä–∞–≤–Ω–∞—è 1‚ÅÑ100 –±–∞–∑–æ–≤–æ–π –≤–∞–ª—é—Ç—ã.","–°–µ–Ω—Ç–∞ÃÅ–≤–æ (–∏—Å–ø. –∏ –ø–æ—Ä—Ç. centavo) ‚Äî —Ä–∞–∑–º–µ–Ω–Ω–∞—è –¥–µ–Ω–µ–∂–Ω–∞—è –µ–¥–∏–Ω–∏—Ü–∞ —Ä—è–¥–∞ –∏—Å–ø–∞–Ω–æ- –∏ –ø–æ—Ä—Ç—É–≥–∞–ª–æ—è–∑—ã—á–Ω—ã—Ö —Å—Ç—Ä–∞–Ω, –≤–æ –≤—Å–µ—Ö —Å–ª—É—á–∞—è—Ö —Ä–∞–≤–Ω–∞—è 1‚ÅÑ100 –±–∞–∑–æ–≤–æ–π –≤–∞–ª—é—Ç—ã."
"–†—É–ø–∏—è –ö–æ–∫–æ—Å–æ–≤—ã—Ö –æ—Å—Ç—Ä–æ–≤–æ–≤ (–∞–Ω–≥–ª. Keeling Cocos rupee) ‚Äî —á–∞—Å—Ç–Ω–∞—è ¬§ –ö–æ–∫–æ—Å–æ–≤—ã—Ö (–ö–∏–ª–∏–Ω–≥) –æ—Å—Ç—Ä–æ–≤–æ–≤.","–†—É–ø–∏—è –ö–æ–∫–æ—Å–æ–≤—ã—Ö –æ—Å—Ç—Ä–æ–≤–æ–≤ (–∞–Ω–≥–ª. Keeling Cocos rupee) ‚Äî —á–∞—Å—Ç–Ω–∞—è –¥–µ–Ω–µ–∂–Ω–∞—è –µ–¥–∏–Ω–∏—Ü–∞ –ö–æ–∫–æ—Å–æ–≤—ã—Ö (–ö–∏–ª–∏–Ω–≥) –æ—Å—Ç—Ä–æ–≤–æ–≤."
"–ü–∞–ø—Å–∫–∞—è –ª–∏—Ä–∞ (–∏—Ç–∞–ª. Lira pontificia) ‚Äî ¬§ –ü–∞–ø—Å–∫–æ–π –æ–±–ª–∞—Å—Ç–∏, –∑–∞–º–µ–Ω–∏–≤—à–∞—è –≤ 1866 –≥–æ–¥—É –ø–∞–ø—Å–∫–∏–π —Å–∫—É–¥–æ –ø–æ –∫—É—Ä—Å—É 5,375 –ª–∏—Ä—ã = 1 —Å–∫—É–¥–æ; –±—ã–ª–∞ —Ä–∞–≤–Ω–∞ –∏—Ç–∞–ª—å—è–Ω—Å–∫–æ–π –ª–∏—Ä–µ.","–ü–∞–ø—Å–∫–∞—è –ª–∏—Ä–∞ (–∏—Ç–∞–ª. Lira pontificia) ‚Äî –¥–µ–Ω–µ–∂–Ω–∞—è –µ–¥–∏–Ω–∏—Ü–∞ –ü–∞–ø—Å–∫–æ–π –æ–±–ª–∞—Å—Ç–∏, –∑–∞–º–µ–Ω–∏–≤—à–∞—è –≤ 1866 –≥–æ–¥—É –ø–∞–ø—Å–∫–∏–π —Å–∫—É–¥–æ –ø–æ –∫—É—Ä—Å—É 5,375 –ª–∏—Ä—ã = 1 —Å–∫—É–¥–æ; –±—ã–ª–∞ —Ä–∞–≤–Ω–∞ –∏—Ç–∞–ª—å—è–Ω—Å–∫–æ–π –ª–∏—Ä–µ."
"–°–∏–º–≤–æ–ª—ã (–∑–Ω–∞–∫–∏) —Ä—É–ø–∏–∏ ‚Äî —Å–∏–º–≤–æ–ª—ã, –∏—Å–ø–æ–ª—å–∑—É–µ–º—ã–µ –¥–ª—è –∫—Ä–∞—Ç–∫–æ–≥–æ –ø—Ä–µ–¥—Å—Ç–∞–≤–ª–µ–Ω–∏—è ¬§, –∫–æ—Ç–æ—Ä—ã–µ –Ω–æ—Å—è—Ç –Ω–∞–∑–≤–∞–Ω–∏–µ ¬´—Ä—É–ø–∏—è¬ª (–∏–Ω–¥–∏–π—Å–∫–æ–π, –∏–Ω–¥–æ–Ω–µ–∑–∏–π—Å–∫–æ–π, –º–∞–≤—Ä–∏–∫–∏–π—Å–∫–æ–π, –Ω–µ–ø–∞–ª—å—Å–∫–æ–π, –ø–∞–∫–∏—Å—Ç–∞–Ω—Å–∫–æ–π, —Å–µ–π—à–µ–ª—å—Å–∫–æ–π, —à—Ä–∏-–ª–∞–Ω–∫–∏–π—Å–∫–æ–π):","–°–∏–º–≤–æ–ª—ã (–∑–Ω–∞–∫–∏) —Ä—É–ø–∏–∏ ‚Äî —Å–∏–º–≤–æ–ª—ã, –∏—Å–ø–æ–ª—å–∑—É–µ–º—ã–µ –¥–ª—è –∫—Ä–∞—Ç–∫–æ–≥–æ –ø—Ä–µ–¥—Å—Ç–∞–≤–ª–µ–Ω–∏—è –¥–µ–Ω–µ–∂–Ω—ã—Ö –µ–¥–∏–Ω–∏—Ü, –∫–æ—Ç–æ—Ä—ã–µ –Ω–æ—Å—è—Ç –Ω–∞–∑–≤–∞–Ω–∏–µ ¬´—Ä—É–ø–∏—è¬ª (–∏–Ω–¥–∏–π—Å–∫–æ–π, –∏–Ω–¥–æ–Ω–µ–∑–∏–π—Å–∫–æ–π, –º–∞–≤—Ä–∏–∫–∏–π—Å–∫–æ–π, –Ω–µ–ø–∞–ª—å—Å–∫–æ–π, –ø–∞–∫–∏—Å—Ç–∞–Ω—Å–∫–æ–π, —Å–µ–π—à–µ–ª—å—Å–∫–æ–π, —à—Ä–∏-–ª–∞–Ω–∫–∏–π—Å–∫–æ–π):"
"–ö—å—è—Ç ‚Äî ¬§ –≥–æ—Å—É–¥–∞—Ä—Å—Ç–≤–∞ –ú—å—è–Ω–º–∞ (–¥–æ 1989 –≥–æ–¥–∞ ‚Äî –ë–∏—Ä–º–∞).","–ö—å—è—Ç ‚Äî –¥–µ–Ω–µ–∂–Ω–∞—è –µ–¥–∏–Ω–∏—Ü–∞ –≥–æ—Å—É–¥–∞—Ä—Å—Ç–≤–∞ –ú—å—è–Ω–º–∞ (–¥–æ 1989 –≥–æ–¥–∞ ‚Äî –ë–∏—Ä–º–∞)."
"–¢–∏—ãÃÅ–Ω (–∫–∞–∑. —Ç–∏—ã–Ω) ‚Äî –∫–∞–∑–∞—Ö—Å—Ç–∞–Ω—Å–∫–∞—è —Ä–∞–∑–º–µ–Ω–Ω–∞—è ¬§, 1/100 –∫–∞–∑–∞—Ö—Å—Ç–∞–Ω—Å–∫–æ–≥–æ —Ç–µ–Ω–≥–µ.","–¢–∏—ãÃÅ–Ω (–∫–∞–∑. —Ç–∏—ã–Ω) ‚Äî –∫–∞–∑–∞—Ö—Å—Ç–∞–Ω—Å–∫–∞—è —Ä–∞–∑–º–µ–Ω–Ω–∞—è –¥–µ–Ω–µ–∂–Ω–∞—è –µ–¥–∏–Ω–∏—Ü–∞, 1/100 –∫–∞–∑–∞—Ö—Å—Ç–∞–Ω—Å–∫–æ–≥–æ —Ç–µ–Ω–≥–µ."
"–£—Ç–µÃÅ–Ω ‚Äî —Å—á—ë—Ç–Ω–∞—è ¬§ –î—Ä–µ–≤–Ω–µ–≥–æ –ï–≥–∏–ø—Ç–∞ –ø–µ—Ä–∏–æ–¥–∞ –ù–æ–≤–æ–≥–æ —Ü–∞—Ä—Å—Ç–≤–∞.","–£—Ç–µÃÅ–Ω ‚Äî —Å—á—ë—Ç–Ω–∞—è –¥–µ–Ω–µ–∂–Ω–∞—è –µ–¥–∏–Ω–∏—Ü–∞ –î—Ä–µ–≤–Ω–µ–≥–æ –ï–≥–∏–ø—Ç–∞ –ø–µ—Ä–∏–æ–¥–∞ –ù–æ–≤–æ–≥–æ —Ü–∞—Ä—Å—Ç–≤–∞."
"–ì—É–ª—å–¥–µ–Ω (–Ω–∏–¥–µ—Ä–ª. Surinaamse guilder) (ISO 4217 –∫–æ–¥: SRG) ‚Äî –≤—ã—à–µ–¥—à–∞—è –∏–∑ –æ–±–æ—Ä–æ—Ç–∞ ¬§ –†–µ—Å–ø—É–±–ª–∏–∫–∏ –°—É—Ä–∏–Ω–∞–º.","–ì—É–ª—å–¥–µ–Ω (–Ω–∏–¥–µ—Ä–ª. Surinaamse guilder) (ISO 4217 –∫–æ–¥: SRG) ‚Äî –≤—ã—à–µ–¥—à–∞—è –∏–∑ –æ–±–æ—Ä–æ—Ç–∞ –¥–µ–Ω–µ–∂–Ω–∞—è –µ–¥–∏–Ω–∏—Ü–∞ –†–µ—Å–ø—É–±–ª–∏–∫–∏ –°—É—Ä–∏–Ω–∞–º."
"–î–∏–Ω–µ—Ä–æ (–∏—Å–ø. dinero) ‚Äî ¬§ —Ö—Ä–∏—Å—Ç–∏–∞–Ω—Å–∫–æ–π –ò—Å–ø–∞–Ω–∏–∏, –Ω–∞—á–∏–Ω–∞—è —Å XI –≤–µ–∫–∞.","–î–∏–Ω–µ—Ä–æ (–∏—Å–ø. dinero) ‚Äî –¥–µ–Ω–µ–∂–Ω–∞—è –µ–¥–∏–Ω–∏—Ü–∞ —Ö—Ä–∏—Å—Ç–∏–∞–Ω—Å–∫–æ–π –ò—Å–ø–∞–Ω–∏–∏, –Ω–∞—á–∏–Ω–∞—è —Å XI –≤–µ–∫–∞."
"–ò–∑—Ä–∞–∏–ª—å—Å–∫–∞—è –ø—Ä—É—Ç–∞ÃÅ (–∏–≤—Ä. ◊§◊®◊ï◊ò◊î ◊î◊ô◊©◊®◊ê◊ú◊ô◊™‚Äé) ‚Äî —Ä–∞–∑–º–µ–Ω–Ω–∞—è ¬§, –≤—ã–ø—É—Å–∫–∞–≤—à–∞—è—Å—è –≤ –ò–∑—Ä–∞–∏–ª–µ —Å 1949 –ø–æ 1956 –≥–æ–¥, —Ä–∞–≤–Ω–∞—è –ø–µ—Ä–≤–æ–Ω–∞—á–∞–ª—å–Ω–æ 1‚ÅÑ1000 –ø–∞–ª–µ—Å—Ç–∏–Ω—Å–∫–æ–≥–æ —Ñ—É–Ω—Ç–∞, –∞ —Å 1952 –≥–æ–¥–∞ ‚Äî 1‚ÅÑ1000 –∏–∑—Ä–∞–∏–ª—å—Å–∫–æ–≥–æ —Ñ—É–Ω—Ç–∞.","–ò–∑—Ä–∞–∏–ª—å—Å–∫–∞—è –ø—Ä—É—Ç–∞ÃÅ (–∏–≤—Ä. ◊§◊®◊ï◊ò◊î ◊î◊ô◊©◊®◊ê◊ú◊ô◊™‚Äé) ‚Äî —Ä–∞–∑–º–µ–Ω–Ω–∞—è –¥–µ–Ω–µ–∂–Ω–∞—è –µ–¥–∏–Ω–∏—Ü–∞, –≤—ã–ø—É—Å–∫–∞–≤—à–∞—è—Å—è –≤ –ò–∑—Ä–∞–∏–ª–µ —Å 1949 –ø–æ 1956 –≥–æ–¥, —Ä–∞–≤–Ω–∞—è –ø–µ—Ä–≤–æ–Ω–∞—á–∞–ª—å–Ω–æ 1‚ÅÑ1000 –ø–∞–ª–µ—Å—Ç–∏–Ω—Å–∫–æ–≥–æ —Ñ—É–Ω—Ç–∞, –∞ —Å 1952 –≥–æ–¥–∞ ‚Äî 1‚ÅÑ1000 –∏–∑—Ä–∞–∏–ª—å—Å–∫–æ–≥–æ —Ñ—É–Ω—Ç–∞."
"–í 1960 –≥–æ–¥—É –±—ã–ª–∞ –≤–≤–µ–¥–µ–Ω–∞ –Ω–æ–≤–∞—è —Ä–∞–∑–º–µ–Ω–Ω–∞—è ¬§ ‚Äî –∞–≥–æ—Ä–∞.","–í 1960 –≥–æ–¥—É –±—ã–ª–∞ –≤–≤–µ–¥–µ–Ω–∞ –Ω–æ–≤–∞—è —Ä–∞–∑–º–µ–Ω–Ω–∞—è –¥–µ–Ω–µ–∂–Ω–∞—è –µ–¥–∏–Ω–∏—Ü–∞ ‚Äî –∞–≥–æ—Ä–∞."
"–ê–∑–æ—Ä—Å–∫–∏–π —Ä–µ–∞–ª ‚Äî –∏—Å—Ç–æ—Ä–∏—á–µ—Å–∫–∞—è ¬§ –ê–∑–æ—Ä—Å–∫–∏—Ö –æ—Å—Ç—Ä–æ–≤–æ–≤.","–ê–∑–æ—Ä—Å–∫–∏–π —Ä–µ–∞–ª ‚Äî –∏—Å—Ç–æ—Ä–∏—á–µ—Å–∫–∞—è –¥–µ–Ω–µ–∂–Ω–∞—è –µ–¥–∏–Ω–∏—Ü–∞ –ê–∑–æ—Ä—Å–∫–∏—Ö –æ—Å—Ç—Ä–æ–≤–æ–≤."
"¬§ ‚Äî ‚Ç¨.","–¥–µ–Ω–µ–∂–Ω–∞—è –µ–¥–∏–Ω–∏—Ü–∞ ‚Äî –µ–≤—Ä–æ."
"–°–µ–Ω ‚Äî —è–≤–ª—è—é—â–∏–µ—Å—è –æ–º–æ–Ω–∏–º–∞–º–∏ –Ω–∞–∑–≤–∞–Ω–∏—è —Ä–∞–∑–º–µ–Ω–Ω—ã—Ö ¬§ —Ä—è–¥–∞ —Å—Ç—Ä–∞–Ω –î–∞–ª—å–Ω–µ–≥–æ –í–æ—Å—Ç–æ–∫–∞, –∫–æ—Ç–æ—Ä—ã–µ –≤ –Ω–∞—Å—Ç–æ—è—â–µ–µ –≤—Ä–µ–º—è —Ä–∞–≤–Ω—ã 1‚ÅÑ100 –±–∞–∑–æ–≤–æ–π –≤–∞–ª—é—Ç—ã.","–°–µ–Ω ‚Äî —è–≤–ª—è—é—â–∏–µ—Å—è –æ–º–æ–Ω–∏–º–∞–º–∏ –Ω–∞–∑–≤–∞–Ω–∏—è —Ä–∞–∑–º–µ–Ω–Ω—ã—Ö –¥–µ–Ω–µ–∂–Ω—ã—Ö –µ–¥–∏–Ω–∏—Ü —Ä—è–¥–∞ —Å—Ç—Ä–∞–Ω –î–∞–ª—å–Ω–µ–≥–æ –í–æ—Å—Ç–æ–∫–∞, –∫–æ—Ç–æ—Ä—ã–µ –≤ –Ω–∞—Å—Ç–æ—è—â–µ–µ –≤—Ä–µ–º—è —Ä–∞–≤–Ω—ã 1‚ÅÑ100 –±–∞–∑–æ–≤–æ–π –≤–∞–ª—é—Ç—ã."
"–ü–µ—Ä–≤–∞—è –≥—Ä—É–ø–ø–∞ –ø—Ä–æ–∏—Å—Ö–æ–¥–∏—Ç –æ—Ç –∫–∏—Ç–∞–π—Å–∫–æ–≥–æ –∏–µ—Ä–æ–≥–ª–∏—Ñ–∞ ¬´—Ü—è–Ω—å¬ª (–∫–∏—Ç. —Ç—Ä–∞–¥. Èå¢, —É–ø—Ä. Èí±), –æ–∑–Ω–∞—á–∞—é—â–µ–≥–æ ¬´–¥–µ–Ω—å–≥–∏¬ª, ¬´–º–æ–Ω–µ—Ç–∞¬ª, –æ—Ç –∫–æ—Ç–æ—Ä–æ–≥–æ –æ–±—Ä–∞–∑–æ–≤–∞–Ω—ã —Å–æ–≤—Ä–µ–º–µ–Ω–Ω—ã–µ –Ω–∞–∑–≤–∞–Ω–∏—è —Ä–∞–∑–º–µ–Ω–Ω—ã—Ö ¬§ –Ø–ø–æ–Ω–∏–∏, –ö–æ—Ä–µ–∏ –∏ —Ä—è–¥–∞ –¥—Ä—É–≥–∏—Ö –≥–æ—Å—É–¥–∞—Ä—Å—Ç–≤ —Ä–µ–≥–∏–æ–Ω–∞ ‚Äî —è–ø–æ–Ω—Å–∫–∏–π —Å–µ–Ω (—è–ø. Èä≠, Èå¢), –∫–æ—Ä–µ–π—Å–∫–∏–π —á–æ–Ω (–∫–æ—Ä. Ï†Ñ?, Èå¢?).","–ü–µ—Ä–≤–∞—è –≥—Ä—É–ø–ø–∞ –ø—Ä–æ–∏—Å—Ö–æ–¥–∏—Ç –æ—Ç –∫–∏—Ç–∞–π—Å–∫–æ–≥–æ –∏–µ—Ä–æ–≥–ª–∏—Ñ–∞ ¬´—Ü—è–Ω—å¬ª (–∫–∏—Ç. —Ç—Ä–∞–¥. Èå¢, —É–ø—Ä. Èí±), –æ–∑–Ω–∞—á–∞—é—â–µ–≥–æ ¬´–¥–µ–Ω—å–≥–∏¬ª, ¬´–º–æ–Ω–µ—Ç–∞¬ª, –æ—Ç –∫–æ—Ç–æ—Ä–æ–≥–æ –æ–±—Ä–∞–∑–æ–≤–∞–Ω—ã —Å–æ–≤—Ä–µ–º–µ–Ω–Ω—ã–µ –Ω–∞–∑–≤–∞–Ω–∏—è —Ä–∞–∑–º–µ–Ω–Ω—ã—Ö –¥–µ–Ω–µ–∂–Ω—ã—Ö –µ–¥–∏–Ω–∏—Ü –Ø–ø–æ–Ω–∏–∏, –ö–æ—Ä–µ–∏ –∏ —Ä—è–¥–∞ –¥—Ä—É–≥–∏—Ö –≥–æ—Å—É–¥–∞—Ä—Å—Ç–≤ —Ä–µ–≥–∏–æ–Ω–∞ ‚Äî —è–ø–æ–Ω—Å–∫–∏–π —Å–µ–Ω (—è–ø. Èä≠, Èå¢), –∫–æ—Ä–µ–π—Å–∫–∏–π —á–æ–Ω (–∫–æ—Ä. Ï†Ñ?, Èå¢?)."
"–í—Ç–æ—Ä—É—é –≥—Ä—É–ø–ø—É —Å–æ—Å—Ç–∞–≤–ª—è—é—Ç —Ä–∞–∑–º–µ–Ω–Ω—ã–µ ¬§ –ò–Ω–¥–æ–Ω–µ–∑–∏–∏, –ú–∞–ª–∞–π–∑–∏–∏, –°–∏–Ω–≥–∞–ø—É—Ä–∞ –∏ –Ω–µ–∫–æ—Ç–æ—Ä—ã—Ö –≥—Ä–∞–Ω–∏—á–∞—â–∏—Ö —Å –Ω–∏–º–∏ —Å—Ç—Ä–∞–Ω, —á—å–∏ –Ω–∞–∏–º–µ–Ω–æ–≤–∞–Ω–∏—è –ø–æ—è–≤–∏–ª–∏—Å—å –ø–æ–¥ –≤–ª–∏—è–Ω–∏–µ–º —Ü–µ–Ω—Ç–∞, –∫–æ—Ç–æ—Ä—ã–π –≤ —Å–≤–æ—é –æ—á–µ—Ä–µ–¥—å –ø—Ä–æ–∏—Å—Ö–æ–¥–∏—Ç –æ—Ç –ª–∞—Ç.","–í—Ç–æ—Ä—É—é –≥—Ä—É–ø–ø—É —Å–æ—Å—Ç–∞–≤–ª—è—é—Ç —Ä–∞–∑–º–µ–Ω–Ω—ã–µ –¥–µ–Ω–µ–∂–Ω—ã–µ –µ–¥–∏–Ω–∏—Ü—ã –ò–Ω–¥–æ–Ω–µ–∑–∏–∏, –ú–∞–ª–∞–π–∑–∏–∏, –°–∏–Ω–≥–∞–ø—É—Ä–∞ –∏ –Ω–µ–∫–æ—Ç–æ—Ä—ã—Ö –≥—Ä–∞–Ω–∏—á–∞—â–∏—Ö —Å –Ω–∏–º–∏ —Å—Ç—Ä–∞–Ω, —á—å–∏ –Ω–∞–∏–º–µ–Ω–æ–≤–∞–Ω–∏—è –ø–æ—è–≤–∏–ª–∏—Å—å –ø–æ–¥ –≤–ª–∏—è–Ω–∏–µ–º —Ü–µ–Ω—Ç–∞, –∫–æ—Ç–æ—Ä—ã–π –≤ —Å–≤–æ—é –æ—á–µ—Ä–µ–¥—å –ø—Ä–æ–∏—Å—Ö–æ–¥–∏—Ç –æ—Ç –ª–∞—Ç."
"–ê–∑–µ—Ä–±–∞–π–¥–∂–∞–Ω—Å–∫–∏–π ‚ÇΩ ‚Äî ¬§ –Ω–µ—Å–∫–æ–ª—å–∫–∏—Ö –≥–æ—Å—É–¥–∞—Ä—Å—Ç–≤–µ–Ω–Ω—ã—Ö –æ–±—Ä–∞–∑–æ–≤–∞–Ω–∏–π –Ω–∞ —Ç–µ—Ä—Ä–∏—Ç–æ—Ä–∏–∏ –ê–∑–µ—Ä–±–∞–π–¥–∂–∞–Ω–∞ –≤ 1918‚Äî1923 –≥–æ–¥–∞—Ö.","–ê–∑–µ—Ä–±–∞–π–¥–∂–∞–Ω—Å–∫–∏–π —Ä—É–±–ª—å ‚Äî –¥–µ–Ω–µ–∂–Ω–∞—è –µ–¥–∏–Ω–∏—Ü–∞ –Ω–µ—Å–∫–æ–ª—å–∫–∏—Ö –≥–æ—Å—É–¥–∞—Ä—Å—Ç–≤–µ–Ω–Ω—ã—Ö –æ–±—Ä–∞–∑–æ–≤–∞–Ω–∏–π –Ω–∞ —Ç–µ—Ä—Ä–∏—Ç–æ—Ä–∏–∏ –ê–∑–µ—Ä–±–∞–π–¥–∂–∞–Ω–∞ –≤ 1918‚Äî1923 –≥–æ–¥–∞—Ö."
"–êÃÅ—É–∫—Å–∏–Ω–∞—Å (–ª–∏—Ç. auksinas ‚Äî –∑–æ–ª–æ—Ç–æ–π –∏–ª–∏ –∑–ª–æ—Ç—ã–π –≤ –ø–æ–ª—å—Å–∫–æ–π —Ç—Ä–∞–¥–∏—Ü–∏–∏) ‚Äî ¬§, –∏–º–µ–≤—à–∞—è —Ö–æ–∂–¥–µ–Ω–∏–µ –Ω–∞ —Ç–µ—Ä—Ä–∏—Ç–æ—Ä–∏–∏ –õ–∏—Ç–≤—ã –≤ –ø–µ—Ä–∏–æ–¥ —Å 1919 –ø–æ 1922 –≥–æ–¥—ã.","–êÃÅ—É–∫—Å–∏–Ω–∞—Å (–ª–∏—Ç. auksinas ‚Äî –∑–æ–ª–æ—Ç–æ–π –∏–ª–∏ –∑–ª–æ—Ç—ã–π –≤ –ø–æ–ª—å—Å–∫–æ–π —Ç—Ä–∞–¥–∏—Ü–∏–∏) ‚Äî –¥–µ–Ω–µ–∂–Ω–∞—è –µ–¥–∏–Ω–∏—Ü–∞, –∏–º–µ–≤—à–∞—è —Ö–æ–∂–¥–µ–Ω–∏–µ –Ω–∞ —Ç–µ—Ä—Ä–∏—Ç–æ—Ä–∏–∏ –õ–∏—Ç–≤—ã –≤ –ø–µ—Ä–∏–æ–¥ —Å 1919 –ø–æ 1922 –≥–æ–¥—ã."
"–°–∏–º–≤–æ–ª (–∑–Ω–∞–∫) –¥–µ–Ω–∞—Ä–∏—è (êÜñ, X) ‚Äî –∫—Ä–∞—Ç–∫–æ–µ –æ–±–æ–∑–Ω–∞—á–µ–Ω–∏–µ ¬§ –î—Ä–µ–≤–Ω–µ–≥–æ –†–∏–º–∞.","–°–∏–º–≤–æ–ª (–∑–Ω–∞–∫) –¥–µ–Ω–∞—Ä–∏—è (êÜñ, X) ‚Äî –∫—Ä–∞—Ç–∫–æ–µ –æ–±–æ–∑–Ω–∞—á–µ–Ω–∏–µ –¥–µ–Ω–µ–∂–Ω–æ–π –µ–¥–∏–Ω–∏—Ü—ã –î—Ä–µ–≤–Ω–µ–≥–æ –†–∏–º–∞."
"–ö–∞–∑–∞—Ö—Å—Ç–∞ÃÅ–Ω—Å–∫–∏–π —Ç–µ–Ω–≥–µÃÅ (–∫–∞–∑. “ö–∞–∑–∞“õ—Å—Ç–∞–Ω —Ç–µ“£–≥–µ—Å—ñ, Qazaqstan te√±gesi; –º. —Ä., –Ω–µ—Å–∫–ª.) ‚Äî ¬§ –ö–∞–∑–∞—Ö—Å—Ç–∞–Ω–∞.","–ö–∞–∑–∞—Ö—Å—Ç–∞ÃÅ–Ω—Å–∫–∏–π —Ç–µ–Ω–≥–µÃÅ (–∫–∞–∑. “ö–∞–∑–∞“õ—Å—Ç–∞–Ω —Ç–µ“£–≥–µ—Å—ñ, Qazaqstan te√±gesi; –º. —Ä., –Ω–µ—Å–∫–ª.) ‚Äî –¥–µ–Ω–µ–∂–Ω–∞—è –µ–¥–∏–Ω–∏—Ü–∞ –ö–∞–∑–∞—Ö—Å—Ç–∞–Ω–∞."
"–®—Ä–∞–Ω–≥ ‚Äî ¬§ –¢–∏–±–µ—Ç–∞ –≤ 1941‚Äî1959 –≥–æ–¥–∞—Ö.","–®—Ä–∞–Ω–≥ ‚Äî –¥–µ–Ω–µ–∂–Ω–∞—è –µ–¥–∏–Ω–∏—Ü–∞ –¢–∏–±–µ—Ç–∞ –≤ 1941‚Äî1959 –≥–æ–¥–∞—Ö."
"–õ—É–∫–∫—Å–∫–∞—è –ª–∏—Ä–∞ ‚Äî ¬§ —Ä–µ—Å–ø—É–±–ª–∏–∫–∏ –õ—É–∫–∫–∞, –ø–æ–∑–¥–Ω–µ–µ ‚Äî –≥–µ—Ä—Ü–æ–≥—Å—Ç–≤–∞ –õ—É–∫–∫–∞.","–õ—É–∫–∫—Å–∫–∞—è –ª–∏—Ä–∞ ‚Äî –¥–µ–Ω–µ–∂–Ω–∞—è –µ–¥–∏–Ω–∏—Ü–∞ —Ä–µ—Å–ø—É–±–ª–∏–∫–∏ –õ—É–∫–∫–∞, –ø–æ–∑–¥–Ω–µ–µ ‚Äî –≥–µ—Ä—Ü–æ–≥—Å—Ç–≤–∞ –õ—É–∫–∫–∞."
"–ö—É—Ä—Å–æ–≤–∞—è, —Ö–æ–¥—è—á–∞—è, —Ü–∏—Ä–∫—É–ª—è—Ü–∏–æ–Ω–Ω–∞—è –∏–ª–∏ –æ–±–æ—Ä–æ—Ç–Ω–∞—è –º–æ–Ω–µ—Ç–∞ ‚Äî –≤ —Å—Ç—Ä–æ–≥–æ–º —Å–º—ã—Å–ª–µ —Å—Ç–∞–Ω–¥–∞—Ä—Ç–Ω–∞—è (—Ç–æ –µ—Å—Ç—å –Ω–µ –æ—Å–æ–±–æ–π —á–µ–∫–∞–Ω–∫–∏) –º–æ–Ω–µ—Ç–∞, —á–µ–π –Ω–æ–º–∏–Ω–∞–ª –≤—ã—Ä–∞–∂–µ–Ω –≤ –±–∞–∑–æ–≤–æ–π ¬§ —Å—Ç—Ä–∞–Ω—ã.","–ö—É—Ä—Å–æ–≤–∞—è, —Ö–æ–¥—è—á–∞—è, —Ü–∏—Ä–∫—É–ª—è—Ü–∏–æ–Ω–Ω–∞—è –∏–ª–∏ –æ–±–æ—Ä–æ—Ç–Ω–∞—è –º–æ–Ω–µ—Ç–∞ ‚Äî –≤ —Å—Ç—Ä–æ–≥–æ–º —Å–º—ã—Å–ª–µ —Å—Ç–∞–Ω–¥–∞—Ä—Ç–Ω–∞—è (—Ç–æ –µ—Å—Ç—å –Ω–µ –æ—Å–æ–±–æ–π —á–µ–∫–∞–Ω–∫–∏) –º–æ–Ω–µ—Ç–∞, —á–µ–π –Ω–æ–º–∏–Ω–∞–ª –≤—ã—Ä–∞–∂–µ–Ω –≤ –±–∞–∑–æ–≤–æ–π –¥–µ–Ω–µ–∂–Ω–æ–π –µ–¥–∏–Ω–∏—Ü–µ —Å—Ç—Ä–∞–Ω—ã."
